time_s,explored_fraction,mean_target_separation,frontier_reuse_frequency,target_reassignment_count,revisit_ratio,active_frontier_count,mean_speed,mean_pairwise_distance
0.1,0.06447803495512518,28.00541575190197,0.0,0,0.5,24,0.0,28.00541575190197
0.2,0.06447803495512518,28.00541575190197,0.0,0,0.6666666666666666,24,0.0,28.00541575190197
0.30000000000000004,0.06447803495512518,28.00541575190197,0.0,0,0.75,24,0.0,28.00541575190197
0.4,0.06447803495512518,28.00541575190197,0.0,0,0.8,24,0.0,28.00541575190197
0.5,0.06447803495512518,28.00541575190197,0.0,0,0.8333333333333334,24,0.0,28.00541575190197
0.6,0.06447803495512518,28.00541575190197,0.0,0,0.8571428571428571,24,0.0,28.00541575190197
0.7,0.06447803495512518,28.00541575190197,0.0,0,0.875,24,0.0,28.00541575190197
0.7999999999999999,0.06447803495512518,28.00541575190197,0.0,0,0.8888888888888888,24,0.0,28.00541575190197
0.8999999999999999,0.06447803495512518,28.00541575190197,0.0,0,0.9,24,0.0,28.00541575190197
0.9999999999999999,0.06447803495512518,28.00541575190197,0.0,0,0.9090909090909091,24,0.0,28.00541575190197
1.0999999999999999,0.06447803495512518,28.00541575190197,0.0,0,0.9166666666666666,24,0.0,28.00541575190197
1.2,0.06447803495512518,28.00541575190197,0.0,0,0.9230769230769231,24,0.0,28.00541575190197
1.3,0.06447803495512518,28.00541575190197,0.0,0,0.9285714285714286,24,0.0,28.00541575190197
1.4000000000000001,0.06447803495512518,28.00541575190197,0.0,0,0.9333333333333333,24,0.0,28.00541575190197
1.5000000000000002,0.06447803495512518,28.00541575190197,0.0,0,0.9375,24,0.0,28.00541575190197
1.6000000000000003,0.06447803495512518,28.00541575190197,0.0,0,0.9411764705882353,24,0.0,28.00541575190197
1.7000000000000004,0.06447803495512518,28.00541575190197,0.0,0,0.9444444444444444,24,0.0,28.00541575190197
1.8000000000000005,0.06447803495512518,28.00541575190197,0.0,0,0.9473684210526315,24,0.0,28.00541575190197
1.9000000000000006,0.06447803495512518,28.00541575190197,0.0,0,0.95,24,0.0,28.00541575190197
2.0000000000000004,0.06636750118091639,28.00541575190197,0.0,10,0.9523809523809523,22,1.5,28.000846624327828
2.1000000000000005,0.06778460085025981,28.00541575190197,0.0,0,0.9545454545454546,22,1.5,27.992312892183655
2.2000000000000006,0.0682569674067076,28.00541575190197,0.0,0,0.9565217391304348,22,1.40358336978853,27.987677985076516
2.3000000000000007,0.06967406707605102,28.00541575190197,0.0,0,0.9541666666666667,24,1.3593452795435048,27.98115438039366
2.400000000000001,0.07109116674539442,28.00541575190197,0.0,0,0.952,22,1.3631984602551832,27.968891308657394
2.500000000000001,0.07345299952763344,28.00541575190197,0.0,0,0.95,24,1.3739009465746819,27.950659788548954
2.600000000000001,0.07416154936230515,28.00541575190197,0.0,0,0.9518518518518518,24,1.35,27.931938228425835
2.700000000000001,0.07557864903164856,28.00541575190197,0.0,0,0.95,24,1.35,27.90402945462662
2.800000000000001,0.07652338214454417,28.00541575190197,0.0,0,0.9413793103448276,24,1.35,27.87091964681239
2.9000000000000012,0.07675956542276807,28.00541575190197,0.0,0,0.9333333333333333,24,1.3078123961769164,27.838618277358123
3.0000000000000013,0.07746811525743977,28.00541575190197,0.0,0,0.9354838709677419,25,0.9744664579968706,27.82189352606351
3.1000000000000014,0.07912139820500709,28.00541575190197,0.0,0,0.93125,23,1.0111371471704071,27.79500086033881
3.2000000000000015,0.079357581483231,28.00541575190197,0.0,0,0.9303030303030303,23,1.05,27.758604609819244
3.3000000000000016,0.08006613131790269,28.00541575190197,0.0,0,0.9264705882352942,24,1.0500000000000003,27.718377516285468
3.4000000000000017,0.0805384978743505,28.00541575190197,0.0,0,0.9285714285714286,22,1.05,27.674681300517392
3.5000000000000018,0.0812470477090222,28.00541575190197,0.0,0,0.9277777777777778,22,1.05,27.62789837150461
3.600000000000002,0.08313651393481342,28.00541575190197,0.0,0,0.9297297297297298,21,1.05,27.578427799493525
3.700000000000002,0.08384506376948513,28.00541575190197,0.0,0,0.9315789473684211,21,1.05,27.52668143092495
3.800000000000002,0.08455361360415682,28.00541575190197,0.0,0,0.9333333333333333,22,1.05,27.473080181313808
3.900000000000002,0.08526216343882853,28.00541575190197,0.0,0,0.93,22,1.05,27.418050527604528
4.000000000000002,0.08644307982994803,28.00541575190197,0.0,10,0.9292682926829269,23,1.5,27.344294644557067
4.100000000000001,0.08786017949929145,28.00541575190197,0.0,0,0.9285714285714286,23,1.5,27.273884210307
4.200000000000001,0.08856872933396316,28.00541575190197,0.0,0,0.9279069767441861,23,1.5,27.20739699317429
4.300000000000001,0.08927727916863486,28.00541575190197,0.0,0,0.9295454545454546,23,1.5,27.14537449026942
4.4,0.08951346244685876,28.00541575190197,0.0,0,0.9288888888888889,24,1.5,27.088316342506218
4.5,0.09116674539442607,28.00541575190197,0.0,0,0.9282608695652174,21,1.5,27.03667532050332
4.6,0.09187529522909778,28.00541575190197,0.0,0,0.925531914893617,22,1.5,26.990853073854506
4.699999999999999,0.09282002834199339,28.00541575190197,0.0,0,0.9229166666666667,24,1.5,26.951196807891538
4.799999999999999,0.09352857817666509,28.00541575190197,0.0,0,0.9224489795918367,23,1.5,26.91799700215481
4.899999999999999,0.0942371280113368,28.00541575190197,0.0,0,0.92,25,1.5,26.891486215393773
4.999999999999998,0.0947094945677846,28.00541575190197,0.0,0,0.9176470588235294,25,1.5,26.871838940202366
5.099999999999998,0.09518186112423241,28.00541575190197,0.0,0,0.9192307692307692,24,1.5,26.85917238771031
5.1999999999999975,0.09683514407179972,28.00541575190197,0.0,0,0.9188679245283019,24,1.5,26.852719464880984
5.299999999999997,0.09777987718469533,28.00541575190197,0.0,0,0.9185185185185185,25,1.5,26.85158046929942
5.399999999999997,0.09848842701936703,28.00541575190197,0.0,0,0.9181818181818182,24,1.5,26.855653450713863
5.4999999999999964,0.09943316013226264,28.00541575190197,0.0,0,0.9196428571428571,24,1.5,26.864802614859233
5.599999999999996,0.09966934341048654,28.00541575190197,0.0,0,0.9192982456140351,24,1.5,26.878861685726218
5.699999999999996,0.10061407652338214,28.00541575190197,0.0,0,0.9189655172413793,27,1.5,26.89763689924567
5.799999999999995,0.10108644307982995,28.00541575190197,0.0,0,0.9152542372881356,26,1.5,26.920909548476907
5.899999999999995,0.10203117619272556,28.00541575190197,0.0,0,0.9133333333333333,26,1.5,26.948438073087367
5.999999999999995,0.10273972602739725,28.00541575190197,0.1,10,0.9131147540983606,25,1.5,26.980618062523718
6.099999999999994,0.10321209258384506,28.00541575190197,0.0,0,0.9145161290322581,25,1.5,27.01730758269529
6.199999999999994,0.10415682569674067,28.00541575190197,0.0,0,0.9142857142857143,26,1.5,27.058324036886752
6.299999999999994,0.10439300897496458,28.00541575190197,0.0,0,0.915625,26,1.5,27.10344157172219
6.399999999999993,0.10557392536608408,28.00541575190197,0.0,0,0.9138461538461539,24,1.5,27.152389337632464
6.499999999999993,0.10651865847897969,28.00541575190197,0.0,0,0.9121212121212121,23,1.5,27.20485072526842
6.5999999999999925,0.1069910250354275,28.00541575190197,0.0,0,0.9119402985074627,23,1.5,27.26046364196997
6.699999999999992,0.1076995748700992,28.00541575190197,0.0,0,0.9117647058823529,23,1.5,27.318821844196357
6.799999999999992,0.1084081247047709,28.00541575190197,0.0,0,0.9115942028985508,22,1.5,27.379477305158535
6.8999999999999915,0.10935285781766652,28.00541575190197,0.0,0,0.9085714285714286,22,1.5,27.441943570664858
6.999999999999991,0.10982522437411431,28.00541575190197,0.0,0,0.9098591549295775,21,1.5,27.50570003742108
7.099999999999991,0.10982522437411431,28.00541575190197,0.0,0,0.9097222222222222,21,1.5,27.57019707354583
7.19999999999999,0.11100614076523382,28.00541575190197,0.0,0,0.910958904109589,21,1.5,27.634861888549516
7.29999999999999,0.11124232404345773,28.00541575190197,0.0,0,0.9108108108108108,22,1.5,27.69910504825907
7.39999999999999,0.11242324043457723,28.00541575190197,0.0,0,0.9106666666666666,23,1.5,27.76232751882363
7.499999999999989,0.11265942371280113,28.00541575190197,0.0,0,0.9105263157894737,22,1.5,27.823928113207973
7.599999999999989,0.11336797354747284,28.00541575190197,0.0,0,0.9090909090909091,23,1.5,27.883192116518174
7.699999999999989,0.11336797354747284,28.00541575190197,0.0,0,0.9064102564102564,23,1.5,27.93936553864667
7.799999999999988,0.11407652338214454,28.00541575190197,0.0,0,0.9075949367088607,24,1.5,27.99114406572799
7.899999999999988,0.11407652338214454,28.00541575190197,0.0,0,0.90625,24,1.5,28.037922486161303
7.999999999999988,0.11407652338214454,28.00541575190197,0.2,10,0.9074074074074074,24,1.5,28.07765519884295
8.099999999999987,0.11454888993859234,28.00541575190197,0.0,0,0.9060975609756098,23,1.5,28.10998039617076
8.199999999999987,0.11525743977326405,28.00541575190197,0.0,0,0.9072289156626506,24,1.5,28.135524068144317
8.299999999999986,0.11549362305148796,28.00541575190197,0.0,0,0.9083333333333333,24,1.5,28.1550638559595
8.399999999999986,0.11620217288615967,28.00541575190197,0.0,0,0.908235294117647,23,1.5,28.168386621266848
8.499999999999986,0.11643835616438356,28.00541575190197,0.0,0,0.9093023255813953,24,1.5,28.175341121469575
8.599999999999985,0.11691072272083136,28.00541575190197,0.0,0,0.9103448275862069,24,1.5,28.175838238978926
8.699999999999985,0.11809163911195088,28.00541575190197,0.0,0,0.9090909090909091,22,1.5,28.169850507986958
8.799999999999985,0.11856400566839868,28.00541575190197,0.0,0,0.9089887640449438,22,1.5,28.157411007712717
8.899999999999984,0.11903637222484648,28.00541575190197,0.0,0,0.91,22,1.5,28.138611690913898
8.999999999999984,0.11927255550307038,28.00541575190197,0.0,0,0.910989010989011,22,1.5,28.113155659679524
9.099999999999984,0.11950873878129428,28.00541575190197,0.0,0,0.9119565217391304,22,1.5,28.08219346798978
9.199999999999983,0.1204534718941899,28.00541575190197,0.0,0,0.910752688172043,21,1.5,28.045918932820808
9.299999999999983,0.1206896551724138,28.00541575190197,0.0,0,0.9106382978723404,22,1.5,28.004575146197695
9.399999999999983,0.1213982050070855,28.00541575190197,0.0,0,0.9105263157894737,22,1.5,27.958878302283914
9.499999999999982,0.1213982050070855,28.00541575190197,0.0,0,0.909375,22,1.5,27.90899414654061
9.599999999999982,0.1216343882853094,28.00541575190197,0.0,0,0.9092783505154639,22,1.431101178348623,27.857613957584448
9.699999999999982,0.1216343882853094,28.00541575190197,0.0,0,0.9102040816326531,22,1.35,27.804467195784234
9.799999999999981,0.1221067548417572,28.00541575190197,0.0,0,0.9101010101010101,23,1.35,27.7470709644102
9.89999999999998,0.1223429381199811,28.00541575190197,0.0,0,0.907,23,1.35,27.68800855557928
9.99999999999998,0.1223429381199811,28.00541575190197,0.3,10,0.907920792079208,23,1.5,27.618129131573152
10.09999999999998,0.12281530467642891,28.00541575190197,0.0,0,0.9088235294117647,23,1.5,27.543858606302404
10.19999999999998,0.12305148795465282,28.00541575190197,0.0,0,0.9097087378640777,23,1.5,27.467167217801048
10.29999999999998,0.12352385451110061,28.00541575190197,0.0,0,0.9105769230769231,24,1.5,27.38902782410921
10.399999999999979,0.12352385451110061,28.00541575190197,0.0,0,0.9104761904761904,24,1.5,27.30983665605356
10.499999999999979,0.12423240434577232,28.00541575190197,0.0,0,0.910377358490566,22,1.5,27.229996628259066
10.599999999999978,0.12470477090222012,28.00541575190197,0.0,0,0.9112149532710281,22,1.5,27.149913223707536
10.699999999999978,0.12494095418044403,28.00541575190197,0.0,0,0.9111111111111111,21,1.5,27.069990523022554
10.799999999999978,0.12494095418044403,28.00541575190197,0.0,0,0.9119266055045872,21,1.5,26.990627498353962
10.899999999999977,0.12494095418044403,28.00541575190197,0.0,0,0.91,21,1.5,26.912214682835298
10.999999999999977,0.12494095418044403,28.00541575190197,0.0,0,0.9099099099099099,21,1.5,26.835131302762484
11.099999999999977,0.12517713745866793,28.00541575190197,0.0,0,0.9098214285714286,22,1.5,26.759742922014908
11.199999999999976,0.12564950401511574,28.00541575190197,0.0,0,0.9106194690265487,21,1.5,26.686104718479818
11.299999999999976,0.12588568729333963,28.00541575190197,0.0,0,0.9114035087719298,22,1.5,26.6129990741866
11.399999999999975,0.12659423712801135,28.00541575190197,0.0,0,0.9121739130434783,22,1.5,26.54065139935786
11.499999999999975,0.12706660368445913,28.00541575190197,0.0,0,0.9112068965517242,22,1.5,26.469281558591906
11.599999999999975,0.12753897024090693,28.00541575190197,0.0,0,0.911965811965812,22,1.5,26.399619205965386
11.699999999999974,0.12777515351913085,28.00541575190197,0.0,0,0.911864406779661,21,1.5,26.331807795342836
11.799999999999974,0.12777515351913085,28.00541575190197,0.0,0,0.9117647058823529,21,1.5,26.265890163250408
11.899999999999974,0.12801133679735474,28.00541575190197,0.0,0,0.91,22,1.5,26.201900951646564
11.999999999999973,0.12871988663202646,28.00541575190197,0.6,10,0.9107438016528926,22,1.5,26.13307520023749
12.099999999999973,0.12919225318847424,28.00541575190197,0.0,0,0.9114754098360656,23,1.5,26.05971671491838
12.199999999999973,0.12942843646669816,28.00541575190197,0.0,0,0.9121951219512195,24,1.5,25.980994070960687
12.299999999999972,0.13013698630136986,28.00541575190197,0.0,0,0.9129032258064517,23,1.5,25.895925322384933
12.399999999999972,0.13060935285781766,28.00541575190197,0.0,0,0.9128,23,1.5,25.804732463140528
12.499999999999972,0.13155408597071327,28.00541575190197,0.0,0,0.9134920634920635,24,1.5,25.70765520739352
12.599999999999971,0.13226263580538497,28.00541575190197,0.0,0,0.9133858267716536,22,1.5,25.604871544330642
12.69999999999997,0.13273500236183278,28.00541575190197,0.0,0,0.91328125,22,1.5,25.49660847761055
12.79999999999997,0.1334435521965045,28.00541575190197,0.0,0,0.9131782945736434,22,1.5,25.383143697372862
12.89999999999997,0.1336797354747284,28.00541575190197,0.0,0,0.9115384615384615,22,1.5,25.264441877212068
12.99999999999997,0.13438828530940009,28.00541575190197,0.0,0,0.9106870229007633,22,1.5,25.140641079528113
13.09999999999997,0.13438828530940009,28.00541575190197,0.0,0,0.9106060606060606,22,1.5,25.012071624135352
13.199999999999969,0.1348606518658479,28.00541575190197,0.0,0,0.9112781954887218,22,1.5,24.879849639132736
13.299999999999969,0.1350968351440718,28.00541575190197,0.0,0,0.9119402985074627,23,1.5,24.74419694203491
13.399999999999968,0.13556920170051961,28.00541575190197,0.0,0,0.9125925925925926,21,1.5,24.605365179723307
13.499999999999968,0.1374586679263108,28.00541575190197,0.0,0,0.9125,18,1.5,24.463632198611133
13.599999999999968,0.13793103448275862,28.00541575190197,0.0,0,0.9124087591240876,18,1.5,24.31944409225821
13.699999999999967,0.13840340103920643,28.00541575190197,0.0,0,0.9130434782608695,19,1.5,24.173396483937402
13.799999999999967,0.13911195087387812,28.00541575190197,0.0,0,0.9136690647482014,21,1.5,24.025647128980577
13.899999999999967,0.14005668398677373,28.00541575190197,0.0,0,0.9114285714285715,22,1.5,23.87636252318523
13.999999999999966,0.14076523382144543,28.00541575190197,0.5,10,0.9113475177304965,22,1.5,23.72185259113596
14.099999999999966,0.14100141709966935,28.00541575190197,0.0,0,0.9098591549295775,21,1.5,23.563099402600386
14.199999999999966,0.14123760037789324,28.00541575190197,0.0,0,0.9097902097902097,21,1.5,23.400836687476325
14.299999999999965,0.14147378365611715,28.00541575190197,0.0,0,0.9097222222222222,22,1.5,23.235910550733074
14.399999999999965,0.14218233349078885,28.00541575190197,0.0,0,0.9103448275862069,21,1.5,23.06921670380598
14.499999999999964,0.14336324988190835,28.00541575190197,0.0,0,0.9102739726027397,23,1.5,22.90084770978149
14.599999999999964,0.14407179971658007,28.00541575190197,0.0,0,0.9095238095238095,23,1.5,22.73136343133887
14.699999999999964,0.14478034955125177,28.00541575190197,0.0,0,0.9101351351351351,23,1.5,22.56075575216069
14.799999999999963,0.14548889938592346,28.00541575190197,0.0,0,0.9107382550335571,22,1.5,22.389521908825802
14.899999999999963,0.14572508266414738,28.00541575190197,0.0,0,0.9106666666666666,21,1.5,22.218477987573372
14.999999999999963,0.1461974492205952,28.00541575190197,0.0,0,0.909933774834437,21,1.5,22.049165952967826
15.099999999999962,0.14643363249881908,28.00541575190197,0.0,0,0.9092105263157895,21,1.5,21.882388851628114
15.199999999999962,0.14690599905526688,28.00541575190197,0.0,0,0.9098039215686274,21,1.5,21.71877073195118
15.299999999999962,0.1471421823334908,28.00541575190197,0.0,0,0.9097402597402597,22,1.5,21.557237774464525
15.399999999999961,0.14808691544638639,28.00541575190197,0.0,0,0.9096774193548387,22,1.5,21.41151495848822
15.499999999999961,0.1487954652810581,28.00541575190197,0.0,0,0.9096153846153846,22,1.5,21.271004658931346
15.59999999999996,0.1487954652810581,28.00541575190197,0.0,0,0.9095541401273886,22,1.5,21.133455567542732
15.69999999999996,0.149031648559282,28.00541575190197,0.0,0,0.9094936708860759,23,1.5,20.999264586541376
15.79999999999996,0.149031648559282,28.00541575190197,0.0,0,0.909433962264151,23,1.5,20.86880525590703
15.89999999999996,0.14926783183750592,28.00541575190197,0.0,0,0.90875,23,1.5,20.74242407391628
15.99999999999996,0.1499763816721776,28.00541575190197,0.6,10,0.9080745341614906,22,1.5,20.613792848702275
16.09999999999996,0.1502125649504015,28.00541575190197,0.0,0,0.9074074074074074,22,1.5,20.483542486191393
16.19999999999996,0.15044874822862542,28.00541575190197,0.0,0,0.9079754601226994,22,1.5,20.352903341264007
16.29999999999996,0.1511572980632971,28.00541575190197,0.0,0,0.9085365853658537,22,1.5,20.22246382593382
16.399999999999963,0.15186584789796884,28.00541575190197,0.0,0,0.9090909090909091,20,1.5,20.091363495479033
16.499999999999964,0.15257439773264053,28.00541575190197,0.0,0,0.9090361445783133,19,1.5,19.959110281561603
16.599999999999966,0.15281058101086442,28.00541575190197,0.0,0,0.9089820359281438,20,1.5,19.825848469546234
16.699999999999967,0.15328294756731223,28.00541575190197,0.0,0,0.9095238095238095,20,1.5,19.691733451312107
16.79999999999997,0.15351913084553614,28.00541575190197,0.0,0,0.9094674556213018,21,1.5,19.55692833976025
16.89999999999997,0.15446386395843173,28.00541575190197,0.0,0,0.9088235294117647,22,1.5,19.42160007814813
16.99999999999997,0.15446386395843173,28.00541575190197,0.0,0,0.9076023391812865,22,1.5,19.285915101903093
17.099999999999973,0.15540859707132734,28.00541575190197,0.0,0,0.9069767441860465,22,1.5,19.150034691650163
17.199999999999974,0.15588096362777515,28.00541575190197,0.0,0,0.9069364161849711,22,1.5,19.014110263833324
17.299999999999976,0.15588096362777515,28.00541575190197,0.0,0,0.9074712643678161,22,1.5,18.87827897407319
17.399999999999977,0.15611714690599907,28.00541575190197,0.0,0,0.908,22,1.5,18.742660143766738
17.49999999999998,0.15658951346244687,28.00541575190197,0.0,0,0.9085227272727273,23,1.5,18.607437790538356
17.59999999999998,0.15777042985356637,28.00541575190197,0.0,0,0.9084745762711864,23,1.5,18.4728199036527
17.69999999999998,0.15777042985356637,28.00541575190197,0.0,0,0.9078651685393259,23,1.5,18.339131068332392
17.799999999999983,0.15824279641001418,28.00541575190197,0.0,0,0.9072625698324023,24,1.5,18.206388349815597
17.899999999999984,0.15847897968823807,28.00541575190197,0.0,0,0.9072222222222223,22,1.5,18.074577928142556
17.999999999999986,0.15895134624468588,28.00541575190197,0.5,10,0.9066298342541437,22,1.5,17.935939554195908
18.099999999999987,0.15918752952290977,28.00541575190197,0.0,0,0.9065934065934066,22,1.5,17.791469584730798
18.19999999999999,0.15918752952290977,28.00541575190197,0.0,0,0.9060109289617486,22,1.5,17.64178800594399
18.29999999999999,0.1598960793575815,28.00541575190197,0.0,0,0.9065217391304348,21,1.5,17.487763559083998
18.39999999999999,0.16013226263580538,28.00541575190197,0.0,0,0.9064864864864864,22,1.5,17.33029796035913
18.499999999999993,0.161076995748701,28.00541575190197,0.0,0,0.9064516129032258,22,1.5,17.170316520472905
18.599999999999994,0.16131317902692488,28.00541575190197,0.0,0,0.906951871657754,22,1.5,17.00873884727844
18.699999999999996,0.1617855455833727,28.00541575190197,0.0,0,0.9063829787234042,22,1.5,16.84623691845805
18.799999999999997,0.1620217288615966,28.00541575190197,0.0,0,0.9068783068783068,21,1.5,16.68383704163945
18.9,0.16296646197449222,28.00541575190197,0.0,0,0.9073684210526316,20,1.5,16.522048761799148
19.0,0.16343882853094002,28.00541575190197,0.0,0,0.9078534031413612,22,1.5,16.362882930667368
19.1,0.1636750118091639,28.00541575190197,0.0,0,0.90625,23,1.5,16.215167373824052
19.200000000000003,0.16414737836561172,28.00541575190197,0.0,0,0.9056994818652849,23,1.5,16.07055387856433
19.300000000000004,0.16414737836561172,28.00541575190197,0.0,0,0.9061855670103093,23,1.5,15.929516713505857
19.400000000000006,0.1643835616438356,28.00541575190197,0.0,0,0.9066666666666666,24,1.5,15.792315007686755
19.500000000000007,0.16461974492205952,28.00541575190197,0.0,0,0.9066326530612245,23,1.5,15.657576429331561
19.60000000000001,0.16509211147850733,28.00541575190197,0.0,0,0.9065989847715736,22,1.5,15.52497645797029
19.70000000000001,0.16580066131317903,28.00541575190197,0.0,0,0.9065656565656566,21,1.5,15.393891174148784
19.80000000000001,0.16580066131317903,28.00541575190197,0.0,0,0.9065326633165829,21,1.5,15.26452157541685
19.900000000000013,0.16603684459140292,28.00541575190197,0.0,0,0.906,22,1.5,15.137064192196723
20.000000000000014,0.16603684459140292,28.00541575190197,0.8,10,0.9064676616915422,22,1.5,15.003393838945055
20.100000000000016,0.16603684459140292,28.00541575190197,0.0,0,0.905940594059406,22,1.5,14.864563114873038
20.200000000000017,0.16698157770429853,28.00541575190197,0.0,0,0.9049261083743843,21,1.5,14.72185830022476
20.30000000000002,0.16698157770429853,28.00541575190197,0.0,0,0.9053921568627451,21,1.5,14.57615743083311
20.40000000000002,0.16745394426074633,28.00541575190197,0.0,0,0.9053658536585366,21,1.5,14.428242397540293
20.50000000000002,0.16792631081719414,28.00541575190197,0.0,0,0.9058252427184466,21,1.5,14.278811829311033
20.600000000000023,0.16816249409541806,28.00541575190197,0.0,0,0.9062801932367149,21,1.5,14.128071439963014
20.700000000000024,0.16816249409541806,28.00541575190197,0.0,0,0.90625,21,1.5,13.976120318936937
20.800000000000026,0.16863486065186584,28.00541575190197,0.0,0,0.9066985645933014,20,1.5,13.82308969435808
20.900000000000027,0.16910722720831364,28.00541575190197,0.0,0,0.9061904761904762,21,1.5,13.669490475642993
21.00000000000003,0.16910722720831364,28.00541575190197,0.0,0,0.9061611374407583,21,1.5,13.51560495874794
21.10000000000003,0.17005196032120926,28.00541575190197,0.0,0,0.9056603773584906,21,1.5,13.36178574985215
21.20000000000003,0.17005196032120926,28.00541575190197,0.0,0,0.9056338028169014,21,1.5,13.208215631947777
21.300000000000033,0.17005196032120926,28.00541575190197,0.0,0,0.9051401869158878,21,1.5,13.055166676308874
21.400000000000034,0.17005196032120926,28.00541575190197,0.0,0,0.9055813953488372,21,1.5,12.903089689478616
21.500000000000036,0.17052432687765706,28.00541575190197,0.0,0,0.9055555555555556,20,1.5,12.752650191380212
21.600000000000037,0.17076051015588095,28.00541575190197,0.0,0,0.9055299539170507,20,1.5,12.604322077824836
21.70000000000004,0.17076051015588095,28.00541575190197,0.0,0,0.9055045871559633,20,1.5,12.457977193126583
21.80000000000004,0.17099669343410487,28.00541575190197,0.0,0,0.9059360730593607,19,1.5,12.313436839060673
21.90000000000004,0.17123287671232876,28.00541575190197,0.0,0,0.9059090909090909,18,1.5,12.170560083140339
22.000000000000043,0.17146905999055267,28.00541575190197,0.8,10,0.9063348416289593,19,1.5,12.028574191644319
22.100000000000044,0.17146905999055267,28.00541575190197,0.0,0,0.9049549549549549,19,1.5,11.88816472531122
22.200000000000045,0.17217760982522437,28.00541575190197,0.0,0,0.9049327354260089,18,1.5,11.750465384615897
22.300000000000047,0.17217760982522437,28.00541575190197,0.0,0,0.9053571428571429,18,1.5,11.615256634007334
22.40000000000005,0.1724137931034483,28.00541575190197,0.0,0,0.9044444444444445,18,1.5,11.48173615693907
22.50000000000005,0.1724137931034483,28.00541575190197,0.0,0,0.9039823008849558,18,1.5,11.350049612013683
22.60000000000005,0.1724137931034483,28.00541575190197,0.0,0,0.9039647577092511,18,1.5,11.220494484310343
22.700000000000053,0.1724137931034483,28.00541575190197,0.0,0,0.9039473684210526,18,1.5,11.093264896992794
22.800000000000054,0.1724137931034483,28.00541575190197,0.0,0,0.9043668122270743,18,1.5,10.967773822997104
22.900000000000055,0.1724137931034483,28.00541575190197,0.0,0,0.9043478260869565,18,1.5,10.843920928085828
23.000000000000057,0.1724137931034483,28.00541575190197,0.0,0,0.9047619047619048,18,1.5,10.721626005202298
23.10000000000006,0.17288615965989607,28.00541575190197,0.0,0,0.9051724137931034,17,1.5,10.600284650055197
23.20000000000006,0.17288615965989607,28.00541575190197,0.0,0,0.9055793991416309,17,1.5,10.479815680773852
23.30000000000006,0.17312234293811998,28.00541575190197,0.0,0,0.9051282051282051,17,1.5,10.36015797612961
23.400000000000063,0.1735947094945678,28.00541575190197,0.0,0,0.9046808510638298,18,1.5,10.241271533241504
23.500000000000064,0.17383089277279168,28.00541575190197,0.0,0,0.9038135593220339,18,1.5,10.123139336562625
23.600000000000065,0.17383089277279168,28.00541575190197,0.0,0,0.9037974683544304,18,1.5,10.005769364773386
23.700000000000067,0.17383089277279168,28.00541575190197,0.0,0,0.9033613445378151,18,1.5,9.889196134856801
23.800000000000068,0.17383089277279168,28.00541575190197,0.0,0,0.9037656903765691,18,1.5,9.772979724080669
23.90000000000007,0.1740670760510156,28.00541575190197,0.0,0,0.90375,18,1.5,9.656524696343526
24.00000000000007,0.17430325932923948,28.00541575190197,0.9,10,0.904149377593361,18,1.5,9.536867918754744
24.100000000000072,0.17430325932923948,28.00541575190197,0.0,0,0.9041322314049587,18,1.5,9.415105145298968
24.200000000000074,0.17430325932923948,28.00541575190197,0.0,0,0.9041152263374486,18,1.5,9.292384193477634
24.300000000000075,0.1745394426074634,28.00541575190197,0.0,0,0.9036885245901639,18,1.5,9.16991435742365
24.400000000000077,0.1747756258856873,28.00541575190197,0.0,0,0.9040816326530612,17,1.5,9.048697429018077
24.500000000000078,0.1750118091639112,28.00541575190197,0.0,0,0.9032520325203252,18,1.5,8.930228059421633
24.60000000000008,0.1750118091639112,28.00541575190197,0.0,0,0.9032388663967611,18,1.5,8.81536643216366
24.70000000000008,0.175484175720359,28.00541575190197,0.0,0,0.9036290322580646,19,1.5,8.702520491675674
24.800000000000082,0.1757203589985829,28.00541575190197,0.0,0,0.9032128514056225,19,1.5,8.591906800238089
24.900000000000084,0.1759565422768068,28.00541575190197,0.0,0,0.9032,19,1.5,8.482824229532474
25.000000000000085,0.1761927255550307,28.00541575190197,0.0,0,0.9031872509960159,19,1.5,8.374571649956849
25.100000000000087,0.1761927255550307,28.00541575190197,0.0,0,0.9031746031746032,19,1.5,8.267327882975932
25.200000000000088,0.1764289088332546,28.00541575190197,0.0,0,0.9031620553359684,19,1.5,8.160315328135377
25.30000000000009,0.17666509211147852,28.00541575190197,0.0,0,0.9027559055118111,19,1.5,8.053849243987738
25.40000000000009,0.17666509211147852,28.00541575190197,0.0,0,0.9027450980392157,19,1.5,7.948289263254487
25.500000000000092,0.1773736419461502,28.00541575190197,0.0,0,0.903125,18,1.5,7.844013045369634
25.600000000000094,0.1776098252243741,28.00541575190197,0.0,0,0.9027237354085603,18,1.5,7.741354029977644
25.700000000000095,0.17784600850259802,28.00541575190197,0.0,0,0.9027131782945736,18,1.5,7.6405231084227365
25.800000000000097,0.17784600850259802,28.00541575190197,0.0,0,0.9023166023166023,18,1.5,7.541832367810832
25.900000000000098,0.17784600850259802,28.00541575190197,0.0,0,0.9015384615384615,18,1.5,7.445476810941538
26.0000000000001,0.17784600850259802,28.00541575190197,0.4,10,0.9019157088122606,18,1.5,7.3479738872867655
26.1000000000001,0.1780821917808219,28.00541575190197,0.0,0,0.9019083969465649,18,1.5,7.251474636272942
26.200000000000102,0.17855455833726971,28.00541575190197,0.0,0,0.9022813688212927,18,1.5,7.157369796721332
26.300000000000104,0.17855455833726971,28.00541575190197,0.0,0,0.9018939393939394,18,1.5,7.066819023873975
26.400000000000105,0.17855455833726971,28.00541575190197,0.0,0,0.9015094339622641,18,1.5,6.979741529515273
26.500000000000107,0.17902692489371752,28.00541575190197,0.0,0,0.9015037593984963,18,1.5,6.895752872876236
26.600000000000108,0.17949929145016533,28.00541575190197,0.0,0,0.901498127340824,18,1.5,6.814707826068519
26.70000000000011,0.17949929145016533,28.00541575190197,0.0,0,0.9018656716417911,18,1.5,6.736848652156722
26.80000000000011,0.17949929145016533,28.00541575190197,0.0,0,0.9018587360594795,18,1.5,6.663176099913372
26.900000000000112,0.17949929145016533,28.00541575190197,0.0,0,0.9018518518518519,18,1.5,6.592564475707916
27.000000000000114,0.17949929145016533,28.00541575190197,0.0,0,0.9018450184501845,18,1.5,6.525260686097691
27.100000000000115,0.17949929145016533,28.00541575190197,0.0,0,0.9011029411764706,18,1.5,6.461514726709538
27.200000000000117,0.17949929145016533,28.00541575190197,0.0,0,0.9014652014652015,18,1.5,6.401571352368579
27.300000000000118,0.17949929145016533,28.00541575190197,0.0,0,0.9010948905109489,18,1.5,6.345663300830871
27.40000000000012,0.17949929145016533,28.00541575190197,0.0,0,0.9003636363636364,18,1.5,6.293071514527562
27.50000000000012,0.17949929145016533,28.00541575190197,0.0,0,0.9007246376811594,18,1.5,6.243318153153488
27.600000000000122,0.17973547472838922,28.00541575190197,0.0,0,0.9003610108303249,17,1.5,6.1961477252247805
27.700000000000124,0.17973547472838922,28.00541575190197,0.0,0,0.9007194244604316,17,1.5,6.151609066213426
27.800000000000125,0.17973547472838922,28.00541575190197,0.0,0,0.9003584229390681,17,1.5,6.10926571164667
27.900000000000126,0.17973547472838922,28.00541575190197,0.0,0,0.9007142857142857,17,1.5,6.06868709837822
28.000000000000128,0.17973547472838922,28.00541575190197,0.5,10,0.900711743772242,17,1.5,6.028524984099253
28.10000000000013,0.17973547472838922,28.00541575190197,0.0,0,0.9010638297872341,17,1.5,5.988691203543899
28.20000000000013,0.17973547472838922,28.00541575190197,0.0,0,0.901060070671378,17,1.5,5.949219242594863
28.300000000000132,0.17973547472838922,28.00541575190197,0.0,0,0.9007042253521127,17,1.5,5.910265850977741
28.400000000000134,0.17973547472838922,28.00541575190197,0.0,0,0.9,17,1.5,5.8721120558960855
28.500000000000135,0.17973547472838922,28.00541575190197,0.0,0,0.9,17,1.5,5.835854904874939
28.600000000000136,0.17973547472838922,28.00541575190197,0.0,0,0.9,17,1.5,5.802781749194641
28.700000000000138,0.17973547472838922,28.00541575190197,0.0,0,0.8993055555555556,17,1.5,5.773516883229838
28.80000000000014,0.17973547472838922,28.00541575190197,0.0,0,0.898961937716263,17,1.5,5.748678442538906
28.90000000000014,0.17973547472838922,28.00541575190197,0.0,0,0.8989655172413793,17,1.5,5.728736355632883
29.000000000000142,0.17973547472838922,28.00541575190197,0.0,0,0.8993127147766323,17,1.5,5.712854026326431
29.100000000000144,0.17973547472838922,28.00541575190197,0.0,0,0.8996575342465754,17,1.5,5.700209289749949
29.200000000000145,0.17973547472838922,28.00541575190197,0.0,0,0.8993174061433447,17,1.5,5.691721465333211
29.300000000000146,0.17973547472838922,28.00541575190197,0.0,0,0.8996598639455783,17,1.5,5.687528964966306
29.400000000000148,0.17973547472838922,28.00541575190197,0.0,0,0.8993220338983051,17,1.5,5.687853663534809
29.50000000000015,0.17973547472838922,28.00541575190197,0.0,0,0.8993243243243243,17,1.5,5.693258882568691
29.60000000000015,0.17973547472838922,28.00541575190197,0.0,0,0.8993265993265993,17,1.5,5.704391459828763
29.700000000000152,0.17973547472838922,28.00541575190197,0.0,0,0.8993288590604027,17,1.5,5.721216490316821
29.800000000000153,0.17973547472838922,28.00541575190197,0.0,0,0.8986622073578595,17,1.5,5.743264045929236
29.900000000000155,0.17973547472838922,28.00541575190197,0.0,0,0.8986666666666666,17,1.5,5.770245590315249
30.000000000000156,0.17973547472838922,28.00541575190197,0.8,10,0.8990033222591363,17,1.5,5.797913183532518
30.100000000000158,0.17973547472838922,28.00541575190197,0.0,0,0.8993377483443709,17,1.5,5.824687389507685
30.20000000000016,0.17973547472838922,28.00541575190197,0.0,0,0.8996699669966997,17,1.5,5.847478394186112
30.30000000000016,0.17973547472838922,28.00541575190197,0.0,0,0.899671052631579,17,1.5,5.866686710487003
30.400000000000162,0.17997165800661313,28.00541575190197,0.0,0,0.899672131147541,16,1.5,5.881977974252618
30.500000000000163,0.17997165800661313,28.00541575190197,0.0,0,0.8996732026143791,16,1.5,5.893094072229201
30.600000000000165,0.17997165800661313,28.00541575190197,0.0,0,0.9,16,1.5,5.899854877051044
30.700000000000166,0.17997165800661313,28.00541575190197,0.0,0,0.8996753246753246,16,1.5,5.903835106166524
30.800000000000168,0.17997165800661313,28.00541575190197,0.0,0,0.8990291262135922,16,1.5,5.9051390112530955
30.90000000000017,0.18020784128483702,28.00541575190197,0.0,0,0.8987096774193548,16,1.5,5.903847929646704
31.00000000000017,0.18020784128483702,28.00541575190197,0.0,0,0.8987138263665595,16,1.5,5.900103867892882
31.100000000000172,0.18020784128483702,28.00541575190197,0.0,0,0.8990384615384616,16,1.5,5.894103855492482
31.200000000000173,0.18020784128483702,28.00541575190197,0.0,0,0.8987220447284345,16,1.5,5.88624098074678
31.300000000000175,0.18020784128483702,28.00541575190197,0.0,0,0.8990445859872611,16,1.5,5.876694266215769
31.400000000000176,0.18044402456306094,28.00541575190197,0.0,0,0.8990476190476191,16,1.5,5.865655385828958
31.500000000000178,0.18044402456306094,28.00541575190197,0.0,0,0.8987341772151899,16,1.5,5.8533646905747965
31.60000000000018,0.18044402456306094,28.00541575190197,0.0,0,0.898422712933754,16,1.5,5.840535618780711
31.70000000000018,0.18091639111950875,28.00541575190197,0.0,0,0.8987421383647799,15,1.5,5.827723607029383
31.800000000000182,0.18091639111950875,28.00541575190197,0.0,0,0.8990595611285267,15,1.5,5.814932649001826
31.900000000000183,0.18091639111950875,28.00541575190197,0.0,0,0.8984375,15,1.5,5.802203787484566
32.000000000000185,0.18091639111950875,28.00541575190197,0.0,10,0.8984423676012461,15,1.5,5.798539224465675
32.100000000000186,0.18091639111950875,28.00541575190197,0.0,0,0.8987577639751553,15,1.5,5.803983461390851
32.20000000000019,0.18091639111950875,28.00541575190197,0.0,0,0.8984520123839009,15,1.5,5.8189209247670055
32.30000000000019,0.18115257439773264,28.00541575190197,0.0,0,0.8984567901234568,16,1.5,5.843770927475092
32.40000000000019,0.18115257439773264,28.00541575190197,0.0,0,0.8984615384615384,16,1.5,5.878953792524029
32.50000000000019,0.18138875767595655,28.00541575190197,0.0,0,0.8984662576687117,16,1.5,5.924742484396794
32.60000000000019,0.18138875767595655,28.00541575190197,0.0,0,0.8984709480122324,16,1.5,5.980165104108933
32.700000000000195,0.18162494095418044,28.00541575190197,0.0,0,0.8987804878048781,15,1.5,6.043621361420627
32.800000000000196,0.18162494095418044,28.00541575190197,0.0,0,0.8987841945288754,15,1.5,6.114990048531796
32.9000000000002,0.18162494095418044,28.00541575190197,0.0,0,0.8987878787878788,15,1.5,6.194206252774024
33.0000000000002,0.18162494095418044,28.00541575190197,0.0,0,0.8978851963746224,15,1.5,6.281100674196821
33.1000000000002,0.18186112423240436,28.00541575190197,0.0,0,0.8981927710843374,15,1.5,6.375406135307542
33.2000000000002,0.18186112423240436,28.00541575190197,0.0,0,0.8981981981981982,15,1.5,6.476769508873961
33.3000000000002,0.18186112423240436,28.00541575190197,0.0,0,0.8982035928143712,15,1.5,6.58476781995207
33.400000000000205,0.18186112423240436,28.00541575190197,0.0,0,0.897910447761194,15,1.5,6.698925619542526
33.500000000000206,0.18186112423240436,28.00541575190197,0.0,0,0.8976190476190476,15,1.5,6.81873127163096
33.60000000000021,0.18186112423240436,28.00541575190197,0.0,0,0.8976261127596439,15,1.5,6.9436511723234835
33.70000000000021,0.18209730751062825,28.00541575190197,0.0,0,0.8979289940828402,15,1.5,7.073141870182268
33.80000000000021,0.18209730751062825,28.00541575190197,0.0,0,0.8979351032448377,15,1.5,7.206660480539751
33.90000000000021,0.18209730751062825,28.00541575190197,0.0,0,0.898235294117647,15,1.5,7.343673820969561
34.00000000000021,0.18209730751062825,28.00541575190197,0.0,10,0.8979472140762463,15,1.5,7.483827655363929
34.100000000000215,0.18209730751062825,28.00541575190197,0.0,0,0.8982456140350877,15,1.5,7.626475510522327
34.200000000000216,0.18209730751062825,28.00541575190197,0.0,0,0.897667638483965,15,1.5,7.771181123497387
34.30000000000022,0.18209730751062825,28.00541575190197,0.0,0,0.8979651162790697,15,1.5,7.917504712465398
34.40000000000022,0.18209730751062825,28.00541575190197,0.0,0,0.8979710144927536,15,1.5,8.053458692130471
34.50000000000022,0.18209730751062825,28.00541575190197,0.0,0,0.8979768786127168,15,1.5,8.188010788152003
34.60000000000022,0.18209730751062825,28.00541575190197,0.0,0,0.8979827089337176,15,1.5,8.323242550274863
34.70000000000022,0.18209730751062825,28.00541575190197,0.0,0,0.8982758620689655,15,1.5,8.460087025208232
34.800000000000225,0.18233349078885214,28.00541575190197,0.0,0,0.8982808022922636,15,1.5,8.598467663670004
34.900000000000226,0.18233349078885214,28.00541575190197,0.0,0,0.8982857142857142,15,1.5,8.73942493686992
35.00000000000023,0.18233349078885214,28.00541575190197,0.0,0,0.8985754985754986,15,1.5,8.88300094877818
35.10000000000023,0.18233349078885214,28.00541575190197,0.0,0,0.8985795454545454,15,1.5,9.029576602651256
35.20000000000023,0.18233349078885214,28.00541575190197,0.0,0,0.8985835694050992,15,1.5,9.178998274773168
35.30000000000023,0.18233349078885214,28.00541575190197,0.0,0,0.8985875706214689,15,1.5,9.330925751468042
35.40000000000023,0.18233349078885214,28.00541575190197,0.0,0,0.8985915492957747,15,1.5,9.485641199289867
35.500000000000234,0.18233349078885214,28.00541575190197,0.0,0,0.898314606741573,15,1.5,9.643052189490012
35.600000000000236,0.18233349078885214,28.00541575190197,0.0,0,0.8977591036414566,15,1.5,9.802961248874428
35.70000000000024,0.18233349078885214,28.00541575190197,0.0,0,0.8977653631284916,15,1.5,9.965168888786648
35.80000000000024,0.18233349078885214,28.00541575190197,0.0,0,0.8977715877437326,15,1.5,10.129481640412529
35.90000000000024,0.18233349078885214,28.00541575190197,0.0,0,0.8980555555555556,15,1.5,10.295714427258996
36.00000000000024,0.18233349078885214,28.00541575190197,0.1,10,0.8983379501385041,15,1.5,10.466030984140177
36.10000000000024,0.18233349078885214,28.00541575190197,0.0,0,0.8983425414364641,15,1.5,10.636944410612333
36.200000000000244,0.18233349078885214,28.00541575190197,0.0,0,0.8983471074380165,15,1.5,10.808108566171661
36.300000000000246,0.18233349078885214,28.00541575190197,0.0,0,0.8986263736263737,15,1.5,10.979783744977038
36.40000000000025,0.18233349078885214,28.00541575190197,0.0,0,0.8989041095890411,15,1.5,11.1516816533607
36.50000000000025,0.18233349078885214,28.00541575190197,0.0,0,0.8991803278688525,15,1.5,11.323523911106966
36.60000000000025,0.18233349078885214,28.00541575190197,0.0,0,0.8991825613079019,15,1.5,11.49504212410483
36.70000000000025,0.18233349078885214,28.00541575190197,0.0,0,0.8989130434782608,15,1.5,11.666307791215447
36.80000000000025,0.18233349078885214,28.00541575190197,0.0,0,0.8983739837398373,15,1.5,11.837157475967615
36.900000000000254,0.18233349078885214,28.00541575190197,0.0,0,0.8986486486486487,15,1.5,12.007403326226004
37.000000000000256,0.18233349078885214,28.00541575190197,0.0,0,0.898921832884097,15,1.5,12.176867748697
37.10000000000026,0.18233349078885214,28.00541575190197,0.0,0,0.8991935483870968,15,1.5,12.345384369464826
37.20000000000026,0.18233349078885214,28.00541575190197,0.0,0,0.8991957104557641,15,1.5,12.512799409213502
37.30000000000026,0.18233349078885214,28.00541575190197,0.0,0,0.8994652406417112,15,1.5,12.67897362474798
37.40000000000026,0.18233349078885214,28.00541575190197,0.0,0,0.8997333333333334,15,1.5,12.8438793592014
37.50000000000026,0.18233349078885214,28.00541575190197,0.0,0,0.8997340425531914,15,1.5,13.007672047893935
37.600000000000264,0.18233349078885214,28.00541575190197,0.0,0,0.89973474801061,15,1.5,13.170422908155155
37.700000000000266,0.18233349078885214,28.00541575190197,0.0,0,0.8997354497354497,15,1.5,13.332432981120093
37.80000000000027,0.18233349078885214,28.00541575190197,0.0,0,0.8992084432717679,15,1.5,13.493838764114
37.90000000000027,0.18233349078885214,28.00541575190197,0.0,0,0.8992105263157895,15,1.5,13.654873340681108
38.00000000000027,0.18233349078885214,28.00541575190197,0.1,10,0.8992125984251969,15,1.5,13.813900948804429
38.10000000000027,0.18233349078885214,28.00541575190197,0.0,0,0.8994764397905759,15,1.5,13.97191613997097
38.20000000000027,0.18233349078885214,28.00541575190197,0.0,0,0.8994778067885117,15,1.5,14.130691594327523
38.300000000000274,0.18233349078885214,28.00541575190197,0.0,0,0.8997395833333334,15,1.5,14.290583614981486
38.400000000000276,0.18233349078885214,28.00541575190197,0.0,0,0.9,15,1.5,14.451037144606492
38.50000000000028,0.18233349078885214,28.00541575190197,0.0,0,0.9,15,1.5,14.611367192265655
38.60000000000028,0.18233349078885214,28.00541575190197,0.0,0,0.9002583979328166,15,1.5,14.774166898873382
38.70000000000028,0.18233349078885214,28.00541575190197,0.0,0,0.9005154639175258,15,1.5,14.937251796729608
38.80000000000028,0.18233349078885214,28.00541575190197,0.0,0,0.9,15,1.5,15.100424372943417
38.90000000000028,0.18233349078885214,28.00541575190197,0.0,0,0.9,15,1.5,15.263696970008484
39.000000000000284,0.18233349078885214,28.00541575190197,0.0,0,0.9,15,1.5,15.427082312966359
39.100000000000286,0.18233349078885214,28.00541575190197,0.0,0,0.9002551020408164,15,1.5,15.590574193986559
39.20000000000029,0.18233349078885214,28.00541575190197,0.0,0,0.9005089058524173,15,1.5,15.754142509160811
39.30000000000029,0.18233349078885214,28.00541575190197,0.0,0,0.900761421319797,15,1.5,15.91773837004275
39.40000000000029,0.18233349078885214,28.00541575190197,0.0,0,0.9010126582278482,15,1.5,16.08130411025721
39.50000000000029,0.18233349078885214,28.00541575190197,0.0,0,0.9012626262626262,15,1.5,16.24494075075637
39.60000000000029,0.18233349078885214,28.00541575190197,0.0,0,0.9012594458438287,15,1.5,16.40871160770956
39.700000000000294,0.18233349078885214,28.00541575190197,0.0,0,0.9010050251256282,15,1.5,16.572559338285995
39.800000000000296,0.18233349078885214,28.00541575190197,0.0,0,0.9010025062656641,15,1.5,16.736436404346847
39.9000000000003,0.18233349078885214,28.00541575190197,0.0,0,0.90125,15,1.5,16.9003031985206
40.0000000000003,0.18233349078885214,28.00541575190197,0.1,10,0.9014962593516209,15,1.5,17.065678289718154
40.1000000000003,0.18233349078885214,28.00541575190197,0.0,0,0.9017412935323383,15,1.5,17.232363593365392
40.2000000000003,0.18233349078885214,28.00541575190197,0.0,0,0.9017369727047146,15,1.5,17.39914858171511
40.3000000000003,0.18233349078885214,28.00541575190197,0.0,0,0.9017326732673268,15,1.5,17.565401317749657
40.400000000000304,0.18233349078885214,28.00541575190197,0.0,0,0.9019753086419753,15,1.5,17.731052905735613
40.500000000000306,0.18233349078885214,28.00541575190197,0.0,0,0.9022167487684729,15,1.5,17.89591298860158
40.60000000000031,0.18233349078885214,28.00541575190197,0.0,0,0.9024570024570024,15,1.5,18.059609589612975
40.70000000000031,0.18233349078885214,28.00541575190197,0.0,0,0.9024509803921569,15,1.5,18.222721586302505
40.80000000000031,0.18256967406707605,28.00541575190197,0.0,0,0.902200488997555,14,1.5,18.386751535801196
40.90000000000031,0.18280585734529994,28.00541575190197,0.0,0,0.9024390243902439,15,1.5,18.55144861622889
41.00000000000031,0.18280585734529994,28.00541575190197,0.0,0,0.902676399026764,15,1.5,18.71657054864084
41.100000000000314,0.18327822390174775,28.00541575190197,0.0,0,0.9029126213592233,15,1.5,18.88188504788777
41.200000000000315,0.18351440717997167,28.00541575190197,0.0,0,0.9031476997578692,15,1.5,19.047170986389123
41.30000000000032,0.18351440717997167,28.00541575190197,0.0,0,0.9031400966183575,15,1.5,19.212219350583638
41.40000000000032,0.18375059045819556,28.00541575190197,0.0,0,0.9033734939759036,14,1.5,19.376834054165112
41.50000000000032,0.18398677373641947,28.00541575190197,0.0,0,0.9033653846153846,14,1.5,19.54083265532349
41.60000000000032,0.18422295701464336,28.00541575190197,0.0,0,0.9031175059952038,15,1.5,19.70404700868433
41.70000000000032,0.18422295701464336,28.00541575190197,0.0,0,0.90311004784689,15,1.5,19.866323867002503
41.800000000000324,0.18422295701464336,28.00541575190197,0.0,0,0.9028639618138424,15,1.5,20.027525433106632
41.900000000000325,0.18469532357109117,28.00541575190197,0.0,0,0.9023809523809524,15,1.5,20.18752984945419
42.00000000000033,0.18540387340576286,28.00541575190197,0.0,10,0.9026128266033254,15,1.5,20.346379465730237
42.10000000000033,0.18564005668398678,28.00541575190197,0.0,0,0.9028436018957346,15,1.5,20.50362019797624
42.20000000000033,0.1861124232404346,28.00541575190197,0.0,0,0.9030732860520094,15,1.5,20.65861168279204
42.30000000000033,0.1861124232404346,28.00541575190197,0.0,0,0.9033018867924528,15,1.5,20.811378180148647
42.40000000000033,0.1861124232404346,28.00541575190197,0.0,0,0.9032941176470588,15,1.5,20.961446694418505
42.500000000000334,0.1861124232404346,28.00541575190197,0.0,0,0.9025821596244131,15,1.5,21.10855275797911
42.600000000000335,0.1865847897968824,28.00541575190197,0.0,0,0.9028103044496487,16,1.5,21.252569178853427
42.70000000000034,0.18705715635333017,28.00541575190197,0.0,0,0.902803738317757,16,1.5,21.39339445121589
42.80000000000034,0.18705715635333017,28.00541575190197,0.0,0,0.9027972027972028,16,1.5,21.531878656219966
42.90000000000034,0.1872933396315541,28.00541575190197,0.0,0,0.9030232558139535,16,1.5,21.668295376667533
43.00000000000034,0.1872933396315541,28.00541575190197,0.0,0,0.9032482598607888,16,1.5,21.80273540610109
43.10000000000034,0.1877657061880019,28.00541575190197,0.0,0,0.9027777777777778,15,1.5,21.93530183055423
43.200000000000344,0.1877657061880019,28.00541575190197,0.0,0,0.9030023094688222,15,1.5,22.066108571494663
43.300000000000345,0.1884742560226736,28.00541575190197,0.0,0,0.9029953917050692,14,1.5,22.195279197814763
43.40000000000035,0.1887104393008975,28.00541575190197,0.0,0,0.9032183908045976,14,1.5,22.322946039052223
43.50000000000035,0.1889466225791214,28.00541575190197,0.0,0,0.9029816513761468,15,1.5,22.449249595181392
43.60000000000035,0.1891828058573453,28.00541575190197,0.0,0,0.9029748283752861,16,1.5,22.5743382046157
43.70000000000035,0.1891828058573453,28.00541575190197,0.0,0,0.9029680365296804,16,1.5,22.69836790675152
43.80000000000035,0.1891828058573453,28.00541575190197,0.0,0,0.9031890660592256,16,1.5,22.821502421187173
43.900000000000354,0.1891828058573453,28.00541575190197,0.0,0,0.9034090909090909,16,1.5,22.943913162506135
44.000000000000355,0.1896551724137931,28.00541575190197,0.2,10,0.9031746031746032,15,1.5,23.068065823090375
44.10000000000036,0.1896551724137931,28.00541575190197,0.0,0,0.9029411764705882,15,1.5,23.193497632283258
44.20000000000036,0.19036372224846482,28.00541575190197,0.0,0,0.9027088036117381,15,1.5,23.31916593285485
44.30000000000036,0.1905999055266887,28.00541575190197,0.0,0,0.9027027027027027,16,1.5,23.4443289180637
44.40000000000036,0.1905999055266887,28.00541575190197,0.0,0,0.9029213483146067,16,1.5,23.569240730647394
44.50000000000036,0.19083608880491262,28.00541575190197,0.0,0,0.9024663677130045,16,1.5,23.693403565476146
44.600000000000364,0.19083608880491262,28.00541575190197,0.0,0,0.9024608501118568,16,1.5,23.81631976648131
44.700000000000365,0.19083608880491262,28.00541575190197,0.0,0,0.9022321428571428,16,1.5,23.93650645508704
44.80000000000037,0.1910722720831365,28.00541575190197,0.0,0,0.9024498886414254,16,1.5,24.05458987306222
44.90000000000037,0.1910722720831365,28.00541575190197,0.0,0,0.9024444444444445,16,1.5,24.170139403109545
45.00000000000037,0.1913084553613604,28.00541575190197,0.0,0,0.9026607538802661,15,1.5,24.28275240940616
45.10000000000037,0.19154463863958432,28.00541575190197,0.0,0,0.9028761061946903,15,1.5,24.392057659547746
45.20000000000037,0.19201700519603213,28.00541575190197,0.0,0,0.9030905077262693,14,1.5,24.497718351160398
45.300000000000374,0.19225318847425601,28.00541575190197,0.0,0,0.902863436123348,14,1.5,24.599434747266777
45.400000000000375,0.19272555503070382,28.00541575190197,0.0,0,0.9028571428571428,15,1.5,24.696946428509712
45.50000000000038,0.19319792158715163,28.00541575190197,0.0,0,0.9030701754385965,15,1.5,24.79163115579989
45.60000000000038,0.19319792158715163,28.00541575190197,0.0,0,0.9030634573304157,15,1.5,24.883565718764178
45.70000000000038,0.19343410486537554,28.00541575190197,0.0,0,0.903056768558952,16,1.5,24.972628707567477
45.80000000000038,0.19343410486537554,28.00541575190197,0.0,0,0.9030501089324618,16,1.5,25.058745605335524
45.90000000000038,0.19343410486537554,28.00541575190197,0.0,0,0.9032608695652173,16,1.5,25.14187621638069
46.000000000000384,0.19343410486537554,28.00541575190197,0.6,10,0.903470715835141,16,1.5,25.223290168130966
46.100000000000385,0.19437883797827113,28.00541575190197,0.0,0,0.9036796536796536,17,1.5,25.303324040604092
46.20000000000039,0.19437883797827113,28.00541575190197,0.0,0,0.9038876889848813,17,1.5,25.38129871213395
46.30000000000039,0.19437883797827113,28.00541575190197,0.0,0,0.9038793103448276,17,1.5,25.455910173872184
46.40000000000039,0.19461502125649505,28.00541575190197,0.0,0,0.9040860215053763,16,1.5,25.526611985774945
46.50000000000039,0.19461502125649505,28.00541575190197,0.0,0,0.9040772532188841,16,1.5,25.592921635303117
46.60000000000039,0.19485120453471894,28.00541575190197,0.0,0,0.9040685224839401,16,1.5,25.65438993467642
46.700000000000394,0.19532357109116674,28.00541575190197,0.0,0,0.9042735042735043,15,1.5,25.710604274306892
46.800000000000395,0.19603212092583844,28.00541575190197,0.0,0,0.9042643923240938,15,1.5,25.75946397471923
46.9000000000004,0.19626830420406235,28.00541575190197,0.0,0,0.904468085106383,15,1.5,25.80048184367013
47.0000000000004,0.19650448748228624,28.00541575190197,0.0,0,0.9042462845010616,16,1.5,25.833430655582102
47.1000000000004,0.19674067076051016,28.00541575190197,0.0,0,0.9040254237288136,16,1.5,25.858146610765335
47.2000000000004,0.19674067076051016,28.00541575190197,0.0,0,0.9042283298097251,16,1.5,25.874530278446688
47.3000000000004,0.19674067076051016,28.00541575190197,0.0,0,0.9042194092827004,16,1.5,25.88254701330486
47.400000000000404,0.19674067076051016,28.00541575190197,0.0,0,0.9042105263157895,16,1.5,25.882226877550607
47.500000000000405,0.19697685403873405,28.00541575190197,0.0,0,0.9044117647058824,16,1.5,25.873664110027267
47.600000000000406,0.19744922059518186,28.00541575190197,0.0,0,0.9041928721174004,16,1.5,25.857016187206195
47.70000000000041,0.19744922059518186,28.00541575190197,0.0,0,0.9039748953974895,16,1.5,25.83250251949148
47.80000000000041,0.19744922059518186,28.00541575190197,0.0,0,0.9037578288100209,16,1.5,25.800402821225173
47.90000000000041,0.19744922059518186,28.00541575190197,0.0,0,0.90375,16,1.5,25.76105518544127
48.00000000000041,0.19744922059518186,28.00541575190197,0.6,10,0.903950103950104,16,1.4866338314463723,25.715048328085864
48.10000000000041,0.19792158715162966,28.00541575190197,0.0,0,0.903941908713693,15,1.5,25.667762500254725
48.200000000000415,0.19815777042985355,28.00541575190197,0.0,0,0.9039337474120083,15,1.5,25.61761418072796
48.300000000000416,0.19839395370807747,28.00541575190197,0.0,0,0.9041322314049587,15,1.5,25.564923090938418
48.40000000000042,0.19863013698630136,28.00541575190197,0.0,0,0.9043298969072165,15,1.5,25.5096898473973
48.50000000000042,0.19863013698630136,28.00541575190197,0.0,0,0.9045267489711935,15,1.5,25.451937972842998
48.60000000000042,0.19863013698630136,28.00541575190197,0.0,0,0.9041067761806981,15,1.5,25.391715246585516
48.70000000000042,0.19886632026452528,28.00541575190197,0.0,0,0.9036885245901639,15,1.5,25.32909498629187
48.80000000000042,0.19886632026452528,28.00541575190197,0.0,0,0.9038854805725971,15,1.5,25.264177219575302
48.900000000000425,0.19910250354274917,28.00541575190197,0.0,0,0.903469387755102,15,1.5,25.19708968911981
49.000000000000426,0.19957487009919697,28.00541575190197,0.0,0,0.9036659877800407,15,1.5,25.127988619695078
49.10000000000043,0.20004723665564478,28.00541575190197,0.0,0,0.9038617886178861,15,1.5,25.058297618407877
49.20000000000043,0.20004723665564478,28.00541575190197,0.0,0,0.9040567951318459,15,1.5,24.988232043431637
49.30000000000043,0.20004723665564478,28.00541575190197,0.0,0,0.9040485829959514,15,1.5,24.91777027022876
49.40000000000043,0.2002834199338687,28.00541575190197,0.0,0,0.9042424242424243,15,1.5,24.846587706154953
49.50000000000043,0.2002834199338687,28.00541575190197,0.0,0,0.9040322580645161,15,1.4004645260033304,24.786493473022297
49.600000000000435,0.2002834199338687,28.00541575190197,0.0,0,0.9042253521126761,15,1.35,24.73115381558695
49.700000000000436,0.2002834199338687,28.00541575190197,0.0,0,0.9042168674698795,15,1.35,24.67421053209486
49.80000000000044,0.2002834199338687,28.00541575190197,0.0,0,0.9040080160320642,15,1.35,24.61545935278194
49.90000000000044,0.20051960321209258,28.00541575190197,0.0,0,0.9042,14,1.35,24.55471612501834
50.00000000000044,0.20122815304676428,28.00541575190197,0.3,10,0.9041916167664671,15,1.5,24.47982475569345
50.10000000000044,0.2014643363249882,28.00541575190197,0.0,0,0.9041832669322709,14,1.5,24.410800193325137
50.20000000000044,0.2014643363249882,28.00541575190197,0.0,0,0.9041749502982107,14,1.5,24.34812083767937
50.300000000000445,0.2014643363249882,28.00541575190197,0.0,0,0.9043650793650794,14,1.5,24.292013927995352
50.400000000000446,0.2014643363249882,28.00541575190197,0.0,0,0.9041584158415842,14,1.5,24.241646138956337
50.50000000000045,0.2014643363249882,28.00541575190197,0.0,0,0.9037549407114625,14,1.5,24.197366957423455
50.60000000000045,0.2017005196032121,28.00541575190197,0.0,0,0.9039447731755424,13,1.35,24.1588945449544
50.70000000000045,0.201936702881436,28.00541575190197,0.0,0,0.9041338582677165,14,1.35,24.111146743709227
50.80000000000045,0.201936702881436,28.00541575190197,0.0,0,0.9041257367387033,14,1.35,24.068935957164417
50.90000000000045,0.201936702881436,28.00541575190197,0.0,0,0.9041176470588236,14,1.35,24.03407153535478
51.000000000000455,0.2021728861596599,28.00541575190197,0.0,0,0.9043052837573385,13,1.35,24.006764614405007
51.100000000000456,0.2021728861596599,28.00541575190197,0.0,0,0.904296875,13,1.35,23.98716330179679
51.20000000000046,0.2024090694378838,28.00541575190197,0.0,0,0.9042884990253411,12,1.35,23.97535088481426
51.30000000000046,0.2024090694378838,28.00541575190197,0.0,0,0.9044747081712062,12,1.35,23.971344882100787
51.40000000000046,0.2024090694378838,28.00541575190197,0.0,0,0.9046601941747573,12,1.35,23.975096948704316
51.50000000000046,0.2024090694378838,28.00541575190197,0.0,0,0.9044573643410853,12,1.35,23.986493626746036
51.60000000000046,0.2024090694378838,28.00541575190197,0.0,0,0.9044487427466151,12,1.35,24.005357917037113
51.700000000000465,0.2026452527161077,28.00541575190197,0.0,0,0.9046332046332046,12,1.35,24.03145163094094
51.800000000000466,0.2026452527161077,28.00541575190197,0.0,0,0.9044315992292871,12,1.35,24.06447846577136
51.90000000000047,0.2026452527161077,28.00541575190197,0.0,0,0.9044230769230769,12,1.35,24.104087730468507
52.00000000000047,0.2031176192725555,28.00541575190197,0.2,10,0.9042226487523992,12,1.5,24.161270660335262
52.10000000000047,0.2035899858290033,28.00541575190197,0.0,0,0.9044061302681993,13,1.5,24.222445751494135
52.20000000000047,0.2038261691072272,28.00541575190197,0.0,0,0.904397705544933,14,1.5,24.28752365829687
52.30000000000047,0.20406235238545112,28.00541575190197,0.0,0,0.9043893129770992,14,1.5,24.35607950731919
52.400000000000475,0.20406235238545112,28.00541575190197,0.0,0,0.9041904761904762,14,1.5,24.42766167237819
52.500000000000476,0.20453471894189892,28.00541575190197,0.0,0,0.9041825095057034,14,1.5,24.501793639789348
52.60000000000048,0.20453471894189892,28.00541575190197,0.0,0,0.9039848197343453,14,1.5,24.577976340011382
52.70000000000048,0.20500708549834673,28.00541575190197,0.0,0,0.9041666666666667,14,1.5,24.655691131543925
52.80000000000048,0.20500708549834673,28.00541575190197,0.0,0,0.9043478260869565,14,1.5,24.734403586158642
52.90000000000048,0.20500708549834673,28.00541575190197,0.0,0,0.9041509433962264,14,1.5,24.81352811000053
53.00000000000048,0.2054794520547945,28.00541575190197,0.0,0,0.9043314500941619,13,1.5,24.892492322115146
53.100000000000485,0.2054794520547945,28.00541575190197,0.0,0,0.9043233082706766,13,1.5,24.971159397631013
53.200000000000486,0.20571563533301843,28.00541575190197,0.0,0,0.9041275797373358,14,1.5,25.049456065093256
53.30000000000049,0.20595181861124232,28.00541575190197,0.0,0,0.9043071161048689,15,1.5,25.127317416643695
53.40000000000049,0.20618800188946623,28.00541575190197,0.0,0,0.9044859813084112,15,1.5,25.204687142048634
53.50000000000049,0.20618800188946623,28.00541575190197,0.0,0,0.9041044776119403,15,1.5,25.281516223438828
53.60000000000049,0.20618800188946623,28.00541575190197,0.0,0,0.904096834264432,15,1.5,25.35776020408257
53.70000000000049,0.20642418516769012,28.00541575190197,0.0,0,0.9040892193308551,14,1.5,25.43337567073562
53.800000000000495,0.20642418516769012,28.00541575190197,0.0,0,0.9040816326530612,14,1.5,25.509880280860674
53.900000000000496,0.20689655172413793,28.00541575190197,0.0,0,0.9042592592592592,15,1.5,25.58817143100846
54.0000000000005,0.20713273500236185,28.00541575190197,0.5,10,0.9044362292051756,15,1.5,25.665521650470314
54.1000000000005,0.20713273500236185,28.00541575190197,0.0,0,0.9044280442804428,15,1.5,25.74129223773805
54.2000000000005,0.20760510155880962,28.00541575190197,0.0,0,0.9044198895027624,14,1.5,25.81486681096349
54.3000000000005,0.20760510155880962,28.00541575190197,0.0,0,0.9045955882352941,14,1.5,25.885660116429083
54.4000000000005,0.20784128483703354,28.00541575190197,0.0,0,0.9044036697247706,14,1.5,25.95312377224467
54.500000000000504,0.20784128483703354,28.00541575190197,0.0,0,0.904029304029304,14,1.5,26.016300051385027
54.600000000000506,0.20807746811525743,28.00541575190197,0.0,0,0.9040219378427788,13,1.5,26.074328944933214
54.70000000000051,0.20854983467170524,28.00541575190197,0.0,0,0.904014598540146,14,1.5,26.127906568344173
54.80000000000051,0.20854983467170524,28.00541575190197,0.0,0,0.9041894353369763,14,1.5,26.17731940808346
54.90000000000051,0.20902220122815304,28.00541575190197,0.0,0,0.9041818181818182,14,1.5,26.22205150277329
55.00000000000051,0.20902220122815304,28.00541575190197,0.0,0,0.9041742286751361,14,1.5,26.261630153810433
55.10000000000051,0.20902220122815304,28.00541575190197,0.0,0,0.9041666666666667,14,1.5,26.295627994715463
55.200000000000514,0.20925838450637696,28.00541575190197,0.0,0,0.9039783001808318,14,1.5,26.32366487769788
55.300000000000516,0.20925838450637696,28.00541575190197,0.0,0,0.9037906137184115,14,1.5,26.345409525346607
55.40000000000052,0.20925838450637696,28.00541575190197,0.0,0,0.9036036036036036,14,1.5,26.360580902454572
55.50000000000052,0.20973075106282474,28.00541575190197,0.0,0,0.9037769784172662,14,1.5,26.368949265000715
55.60000000000052,0.21043930089749646,28.00541575190197,0.0,0,0.9039497307001796,15,1.5,26.370336843018034
55.70000000000052,0.21067548417572035,28.00541575190197,0.0,0,0.9039426523297491,15,1.5,26.364618114848234
55.80000000000052,0.21067548417572035,28.00541575190197,0.0,0,0.9041144901610018,15,1.5,26.351719636033913
55.900000000000524,0.21067548417572035,28.00541575190197,0.0,0,0.9042857142857142,15,1.5,26.331619401001863
56.000000000000526,0.21091166745394427,28.00541575190197,0.4,10,0.9042780748663102,16,1.5,26.308448203174166
56.10000000000053,0.21162021728861596,28.00541575190197,0.0,0,0.9044483985765125,17,1.5,26.28310735818659
56.20000000000053,0.21162021728861596,28.00541575190197,0.0,0,0.9042628774422735,17,1.5,26.257295849345358
56.30000000000053,0.21162021728861596,28.00541575190197,0.0,0,0.9042553191489362,17,1.5,26.231486719263536
56.40000000000053,0.21162021728861596,28.00541575190197,0.0,0,0.9042477876106195,17,1.5,26.206147996726536
56.50000000000053,0.21162021728861596,28.00541575190197,0.0,0,0.9040636042402826,17,1.5,26.18171489340565
56.600000000000534,0.21162021728861596,28.00541575190197,0.0,0,0.9042328042328043,17,1.5,26.15856038383614
56.700000000000536,0.21162021728861596,28.00541575190197,0.0,0,0.9042253521126761,17,1.5,26.13697440815012
56.80000000000054,0.21209258384506377,28.00541575190197,0.0,0,0.9043936731107206,16,1.5,26.11851683545299
56.90000000000054,0.21232876712328766,28.00541575190197,0.0,0,0.9045614035087719,16,1.5,26.103610414984733
57.00000000000054,0.21256495040151158,28.00541575190197,0.0,0,0.9045534150612959,16,1.5,26.092214728801718
57.10000000000054,0.21256495040151158,28.00541575190197,0.0,0,0.9047202797202797,16,1.5,26.084255283743868
57.20000000000054,0.21256495040151158,28.00541575190197,0.0,0,0.9048865619546248,16,1.5,26.079643115292114
57.300000000000544,0.21280113367973547,28.00541575190197,0.0,0,0.9047038327526132,16,1.5,26.077436487888573
57.400000000000546,0.21303731695795938,28.00541575190197,0.0,0,0.9048695652173913,16,1.5,26.07684493219788
57.50000000000055,0.21303731695795938,28.00541575190197,0.0,0,0.9045138888888888,16,1.5,26.077716281418322
57.60000000000055,0.21327350023618327,28.00541575190197,0.0,0,0.9046793760831889,17,1.5,26.079364092584346
57.70000000000055,0.21327350023618327,28.00541575190197,0.0,0,0.9046712802768166,17,1.5,26.081082442476543
57.80000000000055,0.21327350023618327,28.00541575190197,0.0,0,0.9046632124352332,17,1.5,26.082678953216362
57.90000000000055,0.2135096835144072,28.00541575190197,0.0,0,0.9046551724137931,17,1.5,26.08398121721427
58.000000000000554,0.2135096835144072,28.00541575190197,0.5,10,0.9046471600688468,17,1.5,26.08591888709921
58.100000000000556,0.2135096835144072,28.00541575190197,0.0,0,0.9048109965635739,17,1.5,26.088244530510373
58.20000000000056,0.21374586679263108,28.00541575190197,0.0,0,0.9049742710120069,16,1.5,26.090761827955642
58.30000000000056,0.21374586679263108,28.00541575190197,0.0,0,0.9049657534246576,16,1.5,26.0936390626237
58.40000000000056,0.21374586679263108,28.00541575190197,0.0,0,0.9051282051282051,16,1.5,26.097050242133992
58.50000000000056,0.21374586679263108,28.00541575190197,0.0,0,0.9052901023890785,16,1.5,26.101168702125126
58.60000000000056,0.21374586679263108,28.00541575190197,0.0,0,0.9054514480408858,16,1.5,26.10616083185681
58.700000000000564,0.21374586679263108,28.00541575190197,0.0,0,0.9054421768707483,16,1.5,26.112180437278184
58.800000000000566,0.21374586679263108,28.00541575190197,0.0,0,0.9054329371816638,16,1.5,26.119364162211458
58.90000000000057,0.21374586679263108,28.00541575190197,0.0,0,0.9054237288135594,16,1.5,26.127828239487812
59.00000000000057,0.21374586679263108,28.00541575190197,0.0,0,0.9052453468697124,16,1.5,26.137666671436268
59.10000000000057,0.213982050070855,28.00541575190197,0.0,0,0.9054054054054054,16,1.5,26.14778099679254
59.20000000000057,0.213982050070855,28.00541575190197,0.0,0,0.9055649241146712,16,1.5,26.157458347407303
59.30000000000057,0.213982050070855,28.00541575190197,0.0,0,0.9053872053872054,16,1.5,26.16672728424731
59.400000000000574,0.213982050070855,28.00541575190197,0.0,0,0.9053781512605042,16,1.5,26.175371589122868
59.500000000000576,0.213982050070855,28.00541575190197,0.0,0,0.9055369127516778,16,1.5,26.182025313176457
59.60000000000058,0.21421823334907888,28.00541575190197,0.0,0,0.9056951423785594,17,1.5,26.186592218676314
59.70000000000058,0.21421823334907888,28.00541575190197,0.0,0,0.905685618729097,17,1.5,26.190605158919393
59.80000000000058,0.21445441662730277,28.00541575190197,0.0,0,0.9058430717863105,16,1.5,26.194603127955684
59.90000000000058,0.21445441662730277,28.00541575190197,0.0,0,0.906,16,1.5,26.19850746947113
60.00000000000058,0.21445441662730277,28.00541575190197,0.4,10,0.9059900166389351,16,1.5,26.199039827962938
