time_s,coverage_pct
0.1,6.4637
0.2,6.604215
0.3,6.697892
0.4,6.908665
0.5,7.096019
0.6,7.283372
0.7,7.423888
0.8,7.517564
0.9,7.63466
1.0,7.751756
1.1,7.868852
1.2,7.915691
1.3,8.009368
1.4,8.266979
1.5,8.290398
1.6,8.52459
1.7,8.711944
1.8,8.852459
1.9,9.063232
2.0,9.156909
2.1,9.227166
2.2,9.297424
2.3,9.367681
2.4,9.625293
2.5,9.69555
2.6,9.859485
2.7,9.976581
2.8,10.140515
2.9,10.28103
3.0,10.421546
3.1,10.515222
3.2,10.608899
3.3,10.679157
3.4,10.796253
3.5,10.983607
3.6,11.077283
3.7,11.147541
3.8,11.264637
3.9,11.358314
4.0,11.498829
4.1,11.709602
4.2,11.850117
4.3,11.990632
4.4,12.037471
4.5,12.224824
4.6,12.34192
4.7,12.482436
4.8,12.529274
4.9,12.669789
5.0,12.786885
5.1,12.880562
5.2,12.95082
5.3,13.021077
5.4,13.091335
5.5,13.185012
5.6,13.302108
5.7,13.466042
5.8,13.559719
5.9,13.723653
6.0,13.81733
6.1,13.81733
6.2,13.887588
6.3,13.957845
6.4,14.051522
6.5,14.098361
6.6,14.238876
6.7,14.332553
6.8,14.449649
6.9,14.519906
7.0,14.613583
7.1,14.613583
7.2,14.683841
7.3,14.70726
7.4,14.800937
7.5,14.871194
7.6,15.01171
7.7,15.199063
7.8,15.316159
7.9,15.409836
8.0,15.503513
8.1,15.59719
8.2,15.644028
8.3,15.761124
8.4,15.831382
8.5,15.901639
8.6,15.971897
8.7,16.065574
8.8,16.088993
8.9,16.18267
9.0,16.346604
9.1,16.393443
9.2,16.440281
9.3,16.557377
9.4,16.651054
9.5,16.697892
9.6,16.814988
9.7,16.838407
9.8,16.908665
9.9,16.978923
10.0,17.119438
10.1,17.189696
10.2,17.283372
10.3,17.330211
10.4,17.377049
10.5,17.400468
10.6,17.470726
10.7,17.540984
10.8,17.587822
10.9,17.681499
11.0,17.845433
11.1,17.892272
11.2,17.985948
11.3,18.009368
11.4,18.032787
11.5,18.079625
11.6,18.173302
11.7,18.290398
11.8,18.384075
11.9,18.430913
12.0,18.501171
12.1,18.548009
12.2,18.758782
12.3,18.782201
12.4,18.782201
12.5,18.875878
12.6,18.946136
12.7,19.063232
12.8,19.063232
12.9,19.11007
13.0,19.156909
13.1,19.227166
13.2,19.274005
13.3,19.437939
13.4,19.484778
13.5,19.555035
13.6,19.601874
13.7,19.625293
13.8,19.742389
13.9,19.789227
14.0,19.859485
14.1,19.906323
14.2,19.976581
14.3,20.046838
14.4,20.187354
14.5,20.30445
14.6,20.327869
14.7,20.351288
14.8,20.444965
14.9,20.562061
15.0,20.608899
15.1,20.679157
15.2,20.819672
15.3,20.866511
15.4,20.913349
15.5,20.936768
15.6,20.960187
15.7,21.030445
15.8,21.100703
15.9,21.194379
16.0,21.241218
16.1,21.288056
16.2,21.334895
16.3,21.451991
16.4,21.498829
16.5,21.569087
16.6,21.662763
16.7,21.686183
16.8,21.733021
16.9,21.75644
17.0,21.75644
17.1,21.826698
17.2,21.873536
17.3,21.967213
17.4,22.014052
17.5,22.06089
17.6,22.107728
17.7,22.224824
17.8,22.248244
17.9,22.295082
18.0,22.412178
18.1,22.412178
18.2,22.459016
18.3,22.529274
18.4,22.552693
18.5,22.599532
18.6,22.64637
18.7,22.740047
18.8,22.833724
18.9,22.857143
19.0,22.880562
19.1,22.880562
19.2,22.95082
19.3,22.95082
19.4,22.997658
19.5,22.997658
19.6,23.044496
19.7,23.114754
19.8,23.208431
19.9,23.208431
20.0,23.255269
20.1,23.302108
20.2,23.348946
20.3,23.372365
20.4,23.395785
20.5,23.442623
20.6,23.442623
20.7,23.466042
20.8,23.512881
20.9,23.5363
21.0,23.5363
21.1,23.583138
21.2,23.653396
21.3,23.653396
21.4,23.653396
21.5,23.723653
21.6,23.747073
21.7,23.770492
21.8,23.770492
21.9,23.770492
22.0,23.81733
22.1,23.840749
22.2,23.864169
22.3,23.864169
22.4,23.887588
22.5,23.934426
22.6,23.957845
22.7,24.004684
22.8,24.051522
22.9,24.051522
23.0,24.145199
23.1,24.168618
23.2,24.192037
23.3,24.192037
23.4,24.238876
23.5,24.285714
23.6,24.40281
23.7,24.496487
23.8,24.496487
23.9,24.543326
24.0,24.566745
24.1,24.637002
24.2,24.660422
24.3,24.70726
24.4,24.777518
24.5,24.800937
24.6,24.824356
24.7,24.847775
24.8,24.894614
24.9,25.01171
25.0,25.035129
25.1,25.105386
25.2,25.128806
25.3,25.152225
25.4,25.175644
25.5,25.199063
25.6,25.199063
25.7,25.222482
25.8,25.269321
25.9,25.269321
26.0,25.316159
26.1,25.339578
26.2,25.409836
26.3,25.409836
26.4,25.409836
26.5,25.433255
26.6,25.480094
26.7,25.503513
26.8,25.503513
26.9,25.503513
27.0,25.57377
27.1,25.57377
27.2,25.59719
27.3,25.59719
27.4,25.667447
27.5,25.690867
27.6,25.690867
27.7,25.714286
27.8,25.737705
27.9,25.761124
28.0,25.807963
28.1,25.807963
28.2,25.854801
28.3,25.901639
28.4,25.948478
28.5,25.971897
28.6,25.995316
28.7,26.065574
28.8,26.065574
28.9,26.065574
29.0,26.065574
29.1,26.065574
29.2,26.088993
29.3,26.159251
29.4,26.159251
29.5,26.229508
29.6,26.299766
29.7,26.299766
29.8,26.346604
29.9,26.346604
30.0,26.346604
30.1,26.346604
30.2,26.370023
30.3,26.370023
30.4,26.370023
30.5,26.393443
30.6,26.393443
30.7,26.416862
30.8,26.440281
30.9,26.440281
31.0,26.4637
31.1,26.4637
31.2,26.4637
31.3,26.4637
31.4,26.4637
31.5,26.4637
31.6,26.4637
31.7,26.4637
31.8,26.4637
31.9,26.4637
32.0,26.487119
32.1,26.487119
32.2,26.487119
32.3,26.487119
32.4,26.487119
32.5,26.487119
32.6,26.487119
32.7,26.487119
32.8,26.487119
32.9,26.487119
33.0,26.487119
33.1,26.510539
33.2,26.510539
33.3,26.533958
33.4,26.533958
33.5,26.533958
33.6,26.533958
33.7,26.533958
33.8,26.533958
33.9,26.533958
34.0,26.533958
34.1,26.533958
34.2,26.533958
34.3,26.533958
34.4,26.533958
34.5,26.533958
34.6,26.533958
34.7,26.533958
34.8,26.557377
34.9,26.580796
35.0,26.580796
35.1,26.580796
35.2,26.580796
35.3,26.580796
35.4,26.580796
35.5,26.580796
35.6,26.580796
35.7,26.580796
35.8,26.580796
35.9,26.580796
36.0,26.580796
36.1,26.627635
36.2,26.651054
36.3,26.651054
36.4,26.651054
36.5,26.674473
36.6,26.721311
36.7,26.744731
36.8,26.814988
36.9,26.814988
37.0,26.861827
37.1,26.908665
37.2,26.932084
37.3,26.955504
37.4,26.955504
37.5,26.955504
37.6,26.978923
37.7,27.04918
37.8,27.0726
37.9,27.096019
38.0,27.119438
38.1,27.189696
38.2,27.189696
38.3,27.213115
38.4,27.259953
38.5,27.306792
38.6,27.306792
38.7,27.330211
38.8,27.35363
38.9,27.400468
39.0,27.400468
39.1,27.447307
39.2,27.494145
39.3,27.540984
39.4,27.564403
39.5,27.564403
39.6,27.587822
39.7,27.587822
39.8,27.611241
39.9,27.681499
40.0,27.704918
40.1,27.728337
40.2,27.751756
40.3,27.798595
40.4,27.845433
40.5,27.845433
40.6,27.845433
40.7,27.915691
40.8,27.915691
40.9,27.93911
41.0,27.962529
41.1,27.962529
41.2,27.985948
41.3,27.985948
41.4,27.985948
41.5,28.032787
41.6,28.032787
41.7,28.103044
41.8,28.126464
41.9,28.173302
42.0,28.196721
42.1,28.220141
42.2,28.220141
42.3,28.24356
42.4,28.266979
42.5,28.290398
42.6,28.313817
42.7,28.360656
42.8,28.384075
42.9,28.407494
43.0,28.477752
43.1,28.477752
43.2,28.571429
43.3,28.594848
43.4,28.618267
43.5,28.641686
43.6,28.641686
43.7,28.688525
43.8,28.711944
43.9,28.711944
44.0,28.805621
44.1,28.805621
44.2,28.852459
44.3,28.899297
44.4,28.899297
44.5,28.922717
44.6,28.969555
44.7,28.992974
44.8,29.016393
44.9,29.039813
45.0,29.039813
45.1,29.063232
45.2,29.086651
45.3,29.11007
45.4,29.133489
45.5,29.133489
45.6,29.203747
45.7,29.203747
45.8,29.203747
45.9,29.203747
46.0,29.227166
46.1,29.250585
46.2,29.274005
46.3,29.274005
46.4,29.274005
46.5,29.297424
46.6,29.344262
46.7,29.344262
46.8,29.367681
46.9,29.41452
47.0,29.484778
47.1,29.484778
47.2,29.484778
47.3,29.484778
47.4,29.555035
47.5,29.555035
47.6,29.601874
47.7,29.601874
47.8,29.648712
47.9,29.71897
48.0,29.765808
48.1,29.765808
48.2,29.765808
48.3,29.812646
48.4,29.836066
48.5,29.836066
48.6,29.882904
48.7,29.929742
48.8,29.953162
48.9,30.0
49.0,30.093677
49.1,30.093677
49.2,30.117096
49.3,30.117096
49.4,30.187354
49.5,30.187354
49.6,30.28103
49.7,30.28103
49.8,30.327869
49.9,30.351288
50.0,30.444965
50.1,30.468384
50.2,30.515222
50.3,30.538642
50.4,30.58548
50.5,30.608899
50.6,30.702576
50.7,30.725995
50.8,30.772834
50.9,30.819672
51.0,30.866511
51.1,30.88993
51.2,30.936768
51.3,30.960187
51.4,31.007026
51.5,31.007026
51.6,31.100703
51.7,31.124122
51.8,31.147541
51.9,31.194379
52.0,31.217799
52.1,31.264637
52.2,31.288056
52.3,31.311475
52.4,31.358314
52.5,31.381733
52.6,31.498829
52.7,31.522248
52.8,31.545667
52.9,31.592506
53.0,31.615925
53.1,31.615925
53.2,31.662763
53.3,31.686183
53.4,31.733021
53.5,31.779859
53.6,31.826698
53.7,31.850117
53.8,31.920375
53.9,31.967213
54.0,31.967213
54.1,32.014052
54.2,32.037471
54.3,32.06089
54.4,32.06089
54.5,32.107728
54.6,32.177986
54.7,32.224824
54.8,32.224824
54.9,32.271663
55.0,32.295082
55.1,32.34192
55.2,32.34192
55.3,32.34192
55.4,32.36534
55.5,32.36534
55.6,32.36534
55.7,32.412178
55.8,32.412178
55.9,32.412178
56.0,32.435597
56.1,32.482436
56.2,32.505855
56.3,32.552693
56.4,32.576112
56.5,32.576112
56.6,32.576112
56.7,32.576112
56.8,32.599532
56.9,32.599532
57.0,32.599532
57.1,32.622951
57.2,32.64637
57.3,32.64637
57.4,32.669789
57.5,32.693208
57.6,32.693208
57.7,32.693208
57.8,32.693208
57.9,32.716628
58.0,32.716628
58.1,32.740047
58.2,32.740047
58.3,32.740047
58.4,32.740047
58.5,32.810304
58.6,32.833724
58.7,32.833724
58.8,32.857143
58.9,32.857143
59.0,32.880562
59.1,32.903981
59.2,32.9274
59.3,32.9274
59.4,32.974239
59.5,33.021077
59.6,33.021077
59.7,33.067916
59.8,33.091335
59.9,33.091335
60.0,33.161593
60.1,33.161593
60.2,33.185012
60.3,33.185012
60.4,33.185012
60.5,33.23185
60.6,33.23185
60.7,33.302108
60.8,33.325527
60.9,33.325527
61.0,33.348946
61.1,33.348946
61.2,33.372365
61.3,33.395785
61.4,33.419204
61.5,33.419204
61.6,33.442623
61.7,33.489461
61.8,33.5363
61.9,33.5363
62.0,33.559719
62.1,33.583138
62.2,33.606557
62.3,33.629977
62.4,33.629977
62.5,33.653396
62.6,33.700234
62.7,33.723653
62.8,33.770492
62.9,33.793911
63.0,33.81733
63.1,33.840749
63.2,33.840749
63.3,33.864169
63.4,33.911007
63.5,33.957845
63.6,33.981265
63.7,34.004684
63.8,34.028103
63.9,34.051522
64.0,34.074941
64.1,34.098361
64.2,34.098361
64.3,34.098361
64.4,34.145199
64.5,34.168618
64.6,34.192037
64.7,34.215457
64.8,34.309133
64.9,34.309133
65.0,34.332553
65.1,34.332553
65.2,34.332553
65.3,34.332553
65.4,34.355972
65.5,34.40281
65.6,34.40281
65.7,34.40281
65.8,34.449649
65.9,34.473068
66.0,34.519906
66.1,34.543326
66.2,34.543326
66.3,34.543326
66.4,34.613583
66.5,34.613583
66.6,34.637002
66.7,34.637002
66.8,34.637002
66.9,34.637002
67.0,34.660422
67.1,34.683841
67.2,34.683841
67.3,34.730679
67.4,34.754098
67.5,34.754098
67.6,34.754098
67.7,34.754098
67.8,34.824356
67.9,34.824356
68.0,34.824356
68.1,34.824356
68.2,34.824356
68.3,34.824356
68.4,34.824356
68.5,34.847775
68.6,34.847775
68.7,34.847775
68.8,34.847775
68.9,34.894614
69.0,34.894614
69.1,34.918033
69.2,34.918033
69.3,34.98829
69.4,35.01171
69.5,35.01171
69.6,35.01171
69.7,35.035129
69.8,35.035129
69.9,35.058548
70.0,35.081967
70.1,35.081967
70.2,35.081967
70.3,35.128806
70.4,35.128806
70.5,35.128806
70.6,35.128806
70.7,35.152225
70.8,35.175644
70.9,35.199063
71.0,35.222482
71.1,35.222482
71.2,35.222482
71.3,35.222482
71.4,35.29274
71.5,35.29274
71.6,35.29274
71.7,35.316159
71.8,35.339578
71.9,35.386417
72.0,35.386417
72.1,35.409836
72.2,35.433255
72.3,35.433255
72.4,35.433255
72.5,35.433255
72.6,35.456674
72.7,35.456674
72.8,35.526932
72.9,35.526932
73.0,35.526932
73.1,35.57377
73.2,35.59719
73.3,35.620609
73.4,35.620609
73.5,35.644028
73.6,35.644028
73.7,35.714286
73.8,35.784543
73.9,35.807963
74.0,35.831382
74.1,35.87822
74.2,35.948478
74.3,35.948478
74.4,35.948478
74.5,35.948478
74.6,35.948478
74.7,35.995316
74.8,36.065574
74.9,36.065574
75.0,36.088993
75.1,36.112412
75.2,36.112412
75.3,36.112412
75.4,36.135831
75.5,36.159251
75.6,36.206089
75.7,36.206089
75.8,36.229508
75.9,36.252927
76.0,36.299766
76.1,36.299766
76.2,36.323185
76.3,36.346604
76.4,36.416862
76.5,36.416862
76.6,36.416862
76.7,36.440281
76.8,36.440281
76.9,36.440281
77.0,36.4637
77.1,36.487119
77.2,36.510539
77.3,36.510539
77.4,36.510539
77.5,36.510539
77.6,36.533958
77.7,36.533958
77.8,36.557377
77.9,36.557377
78.0,36.557377
78.1,36.557377
78.2,36.580796
78.3,36.580796
78.4,36.651054
78.5,36.651054
78.6,36.674473
78.7,36.674473
78.8,36.674473
78.9,36.697892
79.0,36.697892
79.1,36.721311
79.2,36.721311
79.3,36.721311
79.4,36.721311
79.5,36.76815
79.6,36.76815
79.7,36.791569
79.8,36.791569
79.9,36.791569
80.0,36.791569
80.1,36.791569
80.2,36.814988
80.3,36.814988
80.4,36.814988
80.5,36.814988
80.6,36.814988
80.7,36.814988
80.8,36.814988
80.9,36.814988
81.0,36.838407
81.1,36.861827
81.2,36.861827
81.3,36.861827
81.4,36.861827
81.5,36.861827
81.6,36.861827
81.7,36.885246
81.8,36.885246
81.9,36.885246
82.0,36.908665
82.1,36.932084
82.2,36.955504
82.3,37.025761
82.4,37.04918
82.5,37.096019
82.6,37.119438
82.7,37.119438
82.8,37.213115
82.9,37.236534
83.0,37.259953
83.1,37.259953
83.2,37.259953
83.3,37.306792
83.4,37.35363
83.5,37.377049
83.6,37.400468
83.7,37.447307
83.8,37.470726
83.9,37.494145
84.0,37.494145
84.1,37.517564
84.2,37.564403
84.3,37.611241
84.4,37.63466
84.5,37.63466
84.6,37.65808
84.7,37.681499
84.8,37.728337
84.9,37.798595
85.0,37.822014
85.1,37.822014
85.2,37.822014
85.3,37.915691
85.4,37.93911
85.5,37.962529
85.6,37.985948
85.7,38.009368
85.8,38.009368
85.9,38.009368
86.0,38.032787
86.1,38.103044
86.2,38.126464
86.3,38.173302
86.4,38.196721
86.5,38.220141
86.6,38.266979
86.7,38.266979
86.8,38.290398
86.9,38.313817
87.0,38.337237
87.1,38.360656
87.2,38.430913
87.3,38.477752
87.4,38.52459
87.5,38.52459
87.6,38.52459
87.7,38.52459
87.8,38.571429
87.9,38.594848
88.0,38.618267
88.1,38.641686
88.2,38.711944
88.3,38.735363
88.4,38.758782
88.5,38.758782
88.6,38.758782
88.7,38.805621
88.8,38.82904
88.9,38.82904
89.0,38.82904
89.1,38.82904
89.2,38.875878
89.3,38.922717
89.4,38.946136
89.5,38.969555
89.6,39.063232
89.7,39.11007
89.8,39.11007
89.9,39.11007
90.0,39.133489
90.1,39.133489
90.2,39.203747
90.3,39.227166
90.4,39.320843
90.5,39.344262
90.6,39.437939
90.7,39.437939
90.8,39.531616
90.9,39.555035
91.0,39.578454
91.1,39.578454
91.2,39.648712
91.3,39.742389
91.4,39.765808
91.5,39.765808
91.6,39.836066
91.7,39.953162
91.8,39.976581
91.9,39.976581
92.0,39.976581
92.1,39.976581
92.2,40.0
92.3,40.093677
92.4,40.140515
92.5,40.187354
92.6,40.28103
92.7,40.351288
92.8,40.374707
92.9,40.374707
93.0,40.398126
93.1,40.562061
93.2,40.58548
93.3,40.608899
93.4,40.655738
93.5,40.679157
93.6,40.725995
93.7,40.843091
93.8,40.866511
93.9,40.913349
94.0,40.960187
94.1,41.007026
94.2,41.030445
94.3,41.077283
94.4,41.077283
94.5,41.077283
94.6,41.147541
94.7,41.217799
94.8,41.241218
94.9,41.288056
95.0,41.311475
95.1,41.381733
95.2,41.381733
95.3,41.428571
95.4,41.522248
95.5,41.545667
95.6,41.545667
95.7,41.592506
95.8,41.639344
95.9,41.639344
96.0,41.662763
96.1,41.662763
96.2,41.662763
96.3,41.686183
96.4,41.686183
96.5,41.733021
96.6,41.733021
96.7,41.75644
96.8,41.75644
96.9,41.779859
97.0,41.803279
97.1,41.826698
97.2,41.826698
97.3,41.850117
97.4,41.873536
97.5,41.873536
97.6,41.873536
97.7,41.873536
97.8,41.896956
97.9,41.920375
98.0,41.990632
98.1,41.990632
98.2,42.06089
98.3,42.06089
98.4,42.084309
98.5,42.084309
98.6,42.107728
98.7,42.154567
98.8,42.177986
98.9,42.201405
99.0,42.248244
99.1,42.295082
99.2,42.34192
99.3,42.36534
99.4,42.388759
99.5,42.435597
99.6,42.459016
99.7,42.482436
99.8,42.482436
99.9,42.482436
100.0,42.505855
100.1,42.576112
100.2,42.622951
100.3,42.64637
100.4,42.669789
100.5,42.740047
100.6,42.763466
100.7,42.833724
100.8,42.833724
100.9,42.880562
101.0,42.903981
101.1,42.9274
101.2,42.9274
101.3,42.9274
101.4,42.974239
101.5,42.997658
101.6,43.067916
101.7,43.067916
101.8,43.114754
101.9,43.114754
102.0,43.114754
102.1,43.114754
102.2,43.185012
102.3,43.23185
102.4,43.255269
102.5,43.302108
102.6,43.325527
102.7,43.372365
102.8,43.442623
102.9,43.466042
103.0,43.512881
103.1,43.5363
103.2,43.559719
103.3,43.559719
103.4,43.583138
103.5,43.653396
103.6,43.676815
103.7,43.700234
103.8,43.747073
103.9,43.770492
104.0,43.864169
104.1,43.887588
104.2,43.887588
104.3,43.887588
104.4,43.887588
104.5,43.981265
104.6,44.028103
104.7,44.028103
104.8,44.074941
104.9,44.098361
105.0,44.145199
105.1,44.192037
105.2,44.215457
105.3,44.215457
105.4,44.238876
105.5,44.262295
105.6,44.285714
105.7,44.309133
105.8,44.355972
105.9,44.42623
106.0,44.473068
106.1,44.496487
106.2,44.519906
106.3,44.519906
106.4,44.566745
106.5,44.566745
106.6,44.613583
106.7,44.660422
106.8,44.683841
106.9,44.70726
107.0,44.730679
107.1,44.754098
107.2,44.777518
107.3,44.800937
107.4,44.800937
107.5,44.824356
107.6,44.871194
107.7,44.918033
107.8,44.918033
107.9,44.918033
108.0,45.01171
108.1,45.058548
108.2,45.058548
108.3,45.105386
108.4,45.152225
108.5,45.175644
108.6,45.222482
108.7,45.269321
108.8,45.269321
108.9,45.269321
109.0,45.29274
109.1,45.362998
109.2,45.409836
109.3,45.409836
109.4,45.456674
109.5,45.550351
109.6,45.59719
109.7,45.644028
109.8,45.644028
109.9,45.644028
110.0,45.644028
110.1,45.644028
110.2,45.761124
110.3,45.784543
110.4,45.831382
110.5,45.831382
110.6,45.831382
110.7,45.831382
110.8,45.854801
110.9,45.87822
111.0,45.948478
111.1,45.948478
111.2,45.971897
111.3,46.018735
111.4,46.042155
111.5,46.088993
111.6,46.135831
111.7,46.159251
111.8,46.159251
111.9,46.18267
112.0,46.18267
112.1,46.18267
112.2,46.276347
112.3,46.299766
112.4,46.299766
112.5,46.323185
112.6,46.323185
112.7,46.323185
112.8,46.323185
112.9,46.323185
113.0,46.323185
113.1,46.323185
113.2,46.346604
113.3,46.393443
113.4,46.393443
113.5,46.393443
113.6,46.393443
113.7,46.416862
113.8,46.440281
113.9,46.440281
114.0,46.440281
114.1,46.440281
114.2,46.4637
114.3,46.487119
114.4,46.510539
114.5,46.533958
114.6,46.533958
114.7,46.533958
114.8,46.533958
114.9,46.533958
115.0,46.557377
115.1,46.557377
115.2,46.557377
115.3,46.604215
115.4,46.604215
115.5,46.651054
115.6,46.651054
115.7,46.674473
115.8,46.674473
115.9,46.697892
116.0,46.697892
116.1,46.697892
116.2,46.697892
116.3,46.721311
116.4,46.76815
116.5,46.76815
116.6,46.76815
116.7,46.814988
116.8,46.814988
116.9,46.814988
117.0,46.814988
117.1,46.814988
117.2,46.814988
117.3,46.838407
117.4,46.838407
117.5,46.838407
117.6,46.838407
117.7,46.838407
117.8,46.838407
117.9,46.861827
118.0,46.885246
118.1,46.908665
118.2,46.908665
118.3,46.955504
118.4,46.955504
118.5,46.955504
118.6,46.978923
118.7,46.978923
118.8,46.978923
118.9,47.025761
119.0,47.04918
119.1,47.04918
119.2,47.096019
119.3,47.096019
119.4,47.096019
119.5,47.096019
119.6,47.119438
119.7,47.142857
119.8,47.166276
119.9,47.166276
120.0,47.166276
120.1,47.189696
120.2,47.189696
120.3,47.189696
120.4,47.213115
120.5,47.213115
120.6,47.259953
120.7,47.259953
120.8,47.283372
120.9,47.283372
121.0,47.283372
121.1,47.330211
121.2,47.377049
121.3,47.377049
121.4,47.423888
121.5,47.447307
121.6,47.470726
121.7,47.470726
121.8,47.470726
121.9,47.470726
122.0,47.470726
122.1,47.494145
122.2,47.540984
122.3,47.587822
122.4,47.611241
122.5,47.611241
122.6,47.611241
122.7,47.63466
122.8,47.63466
122.9,47.63466
123.0,47.65808
123.1,47.681499
123.2,47.728337
123.3,47.751756
123.4,47.775176
123.5,47.775176
123.6,47.775176
123.7,47.798595
123.8,47.845433
123.9,47.868852
124.0,47.868852
124.1,47.915691
124.2,47.915691
124.3,47.915691
124.4,47.915691
124.5,47.962529
124.6,47.985948
124.7,48.009368
124.8,48.009368
124.9,48.079625
125.0,48.149883
125.1,48.149883
125.2,48.173302
125.3,48.173302
125.4,48.173302
125.5,48.196721
125.6,48.196721
125.7,48.220141
125.8,48.220141
125.9,48.220141
126.0,48.266979
126.1,48.266979
126.2,48.313817
126.3,48.313817
126.4,48.337237
126.5,48.337237
126.6,48.360656
126.7,48.407494
126.8,48.407494
126.9,48.430913
127.0,48.430913
127.1,48.430913
127.2,48.454333
127.3,48.454333
127.4,48.454333
127.5,48.477752
127.6,48.477752
127.7,48.501171
127.8,48.52459
127.9,48.548009
128.0,48.571429
128.1,48.571429
128.2,48.571429
128.3,48.594848
128.4,48.618267
128.5,48.641686
128.6,48.665105
128.7,48.665105
128.8,48.688525
128.9,48.688525
129.0,48.688525
129.1,48.688525
129.2,48.688525
129.3,48.688525
129.4,48.711944
129.5,48.711944
129.6,48.711944
129.7,48.711944
129.8,48.711944
129.9,48.735363
130.0,48.735363
130.1,48.735363
130.2,48.735363
130.3,48.735363
130.4,48.735363
130.5,48.735363
130.6,48.758782
130.7,48.758782
130.8,48.758782
130.9,48.758782
131.0,48.782201
131.1,48.782201
131.2,48.782201
131.3,48.782201
131.4,48.782201
131.5,48.782201
131.6,48.782201
131.7,48.782201
131.8,48.782201
131.9,48.805621
132.0,48.805621
132.1,48.805621
132.2,48.805621
132.3,48.805621
132.4,48.805621
132.5,48.805621
132.6,48.805621
132.7,48.805621
132.8,48.805621
132.9,48.805621
133.0,48.82904
133.1,48.82904
133.2,48.82904
133.3,48.875878
133.4,48.875878
133.5,48.875878
133.6,48.875878
133.7,48.875878
133.8,48.875878
133.9,48.899297
134.0,48.899297
134.1,48.899297
134.2,48.899297
134.3,48.899297
134.4,48.899297
134.5,48.899297
134.6,48.899297
134.7,48.899297
134.8,48.899297
134.9,48.946136
135.0,48.969555
135.1,48.992974
135.2,49.039813
135.3,49.039813
135.4,49.039813
135.5,49.039813
135.6,49.039813
135.7,49.086651
135.8,49.133489
135.9,49.133489
136.0,49.133489
136.1,49.156909
136.2,49.156909
136.3,49.227166
136.4,49.250585
136.5,49.250585
136.6,49.274005
136.7,49.297424
136.8,49.344262
136.9,49.344262
137.0,49.367681
137.1,49.391101
137.2,49.391101
137.3,49.391101
137.4,49.391101
137.5,49.41452
137.6,49.484778
137.7,49.508197
137.8,49.531616
137.9,49.555035
138.0,49.555035
138.1,49.555035
138.2,49.625293
138.3,49.672131
138.4,49.765808
138.5,49.765808
138.6,49.812646
138.7,49.812646
138.8,49.859485
138.9,49.859485
139.0,49.882904
139.1,49.929742
139.2,49.929742
139.3,49.929742
139.4,49.953162
139.5,50.0
139.6,50.023419
139.7,50.046838
139.8,50.117096
139.9,50.140515
140.0,50.163934
140.1,50.187354
140.2,50.187354
140.3,50.187354
140.4,50.234192
140.5,50.234192
140.6,50.28103
140.7,50.28103
140.8,50.28103
140.9,50.30445
141.0,50.30445
141.1,50.327869
141.2,50.327869
141.3,50.351288
141.4,50.374707
141.5,50.444965
141.6,50.444965
141.7,50.444965
141.8,50.468384
141.9,50.468384
142.0,50.491803
142.1,50.562061
142.2,50.58548
142.3,50.608899
142.4,50.608899
142.5,50.608899
142.6,50.632319
142.7,50.632319
142.8,50.655738
142.9,50.679157
143.0,50.702576
143.1,50.725995
143.2,50.749415
143.3,50.796253
143.4,50.796253
143.5,50.866511
143.6,50.866511
143.7,50.866511
143.8,50.88993
143.9,50.88993
144.0,50.88993
144.1,50.88993
144.2,50.88993
144.3,50.913349
144.4,50.936768
144.5,50.983607
144.6,50.983607
144.7,51.007026
144.8,51.053864
144.9,51.077283
145.0,51.077283
145.1,51.077283
145.2,51.100703
145.3,51.100703
145.4,51.124122
145.5,51.147541
145.6,51.194379
145.7,51.217799
145.8,51.264637
145.9,51.311475
146.0,51.334895
146.1,51.334895
146.2,51.381733
146.3,51.405152
146.4,51.451991
146.5,51.451991
146.6,51.498829
146.7,51.522248
146.8,51.569087
146.9,51.592506
147.0,51.615925
147.1,51.639344
147.2,51.662763
147.3,51.686183
147.4,51.686183
147.5,51.733021
147.6,51.779859
147.7,51.803279
147.8,51.896956
147.9,51.920375
148.0,51.920375
148.1,51.943794
148.2,51.990632
148.3,52.014052
148.4,52.037471
148.5,52.06089
148.6,52.084309
148.7,52.131148
148.8,52.154567
148.9,52.154567
149.0,52.177986
149.1,52.201405
149.2,52.201405
149.3,52.224824
149.4,52.248244
149.5,52.295082
149.6,52.318501
149.7,52.34192
149.8,52.34192
149.9,52.412178
150.0,52.412178
150.1,52.435597
150.2,52.459016
150.3,52.505855
150.4,52.552693
150.5,52.552693
150.6,52.552693
150.7,52.552693
150.8,52.576112
150.9,52.599532
151.0,52.599532
151.1,52.622951
151.2,52.64637
151.3,52.64637
151.4,52.716628
151.5,52.786885
151.6,52.810304
151.7,52.857143
151.8,52.880562
151.9,52.903981
152.0,52.903981
152.1,52.903981
152.2,52.903981
152.3,52.9274
152.4,52.95082
152.5,52.95082
152.6,52.974239
152.7,53.021077
152.8,53.044496
152.9,53.067916
153.0,53.114754
153.1,53.138173
153.2,53.138173
153.3,53.161593
153.4,53.185012
153.5,53.185012
153.6,53.185012
153.7,53.208431
153.8,53.278689
153.9,53.302108
154.0,53.302108
154.1,53.325527
154.2,53.348946
154.3,53.348946
154.4,53.348946
154.5,53.372365
154.6,53.419204
154.7,53.419204
154.8,53.442623
154.9,53.442623
155.0,53.489461
155.1,53.489461
155.2,53.5363
155.3,53.5363
155.4,53.5363
155.5,53.559719
155.6,53.583138
155.7,53.583138
155.8,53.583138
155.9,53.606557
156.0,53.676815
156.1,53.676815
156.2,53.700234
156.3,53.723653
156.4,53.747073
156.5,53.747073
156.6,53.770492
156.7,53.793911
156.8,53.793911
156.9,53.81733
157.0,53.81733
157.1,53.840749
157.2,53.864169
157.3,53.887588
157.4,53.934426
157.5,53.934426
157.6,53.957845
157.7,54.028103
157.8,54.074941
157.9,54.074941
158.0,54.074941
158.1,54.074941
158.2,54.098361
158.3,54.145199
158.4,54.168618
158.5,54.168618
158.6,54.215457
158.7,54.262295
158.8,54.262295
158.9,54.285714
159.0,54.285714
159.1,54.285714
159.2,54.309133
159.3,54.332553
159.4,54.332553
159.5,54.379391
159.6,54.42623
159.7,54.449649
159.8,54.473068
159.9,54.496487
160.0,54.543326
160.1,54.566745
160.2,54.590164
160.3,54.590164
160.4,54.590164
160.5,54.613583
160.6,54.683841
160.7,54.70726
160.8,54.70726
160.9,54.730679
161.0,54.777518
161.1,54.800937
161.2,54.824356
161.3,54.824356
161.4,54.871194
161.5,54.871194
161.6,54.871194
161.7,54.964871
161.8,54.98829
161.9,54.98829
162.0,55.035129
162.1,55.105386
162.2,55.128806
162.3,55.152225
162.4,55.152225
162.5,55.175644
162.6,55.199063
162.7,55.245902
162.8,55.29274
162.9,55.29274
163.0,55.29274
163.1,55.29274
163.2,55.316159
163.3,55.362998
163.4,55.386417
163.5,55.386417
163.6,55.456674
163.7,55.480094
163.8,55.503513
163.9,55.526932
164.0,55.526932
164.1,55.59719
164.2,55.620609
164.3,55.620609
164.4,55.667447
164.5,55.667447
164.6,55.690867
164.7,55.690867
164.8,55.737705
164.9,55.784543
165.0,55.807963
165.1,55.807963
165.2,55.807963
165.3,55.807963
165.4,55.831382
165.5,55.854801
165.6,55.901639
165.7,55.901639
165.8,55.901639
165.9,55.925059
166.0,55.971897
166.1,56.018735
166.2,56.042155
166.3,56.065574
166.4,56.065574
166.5,56.065574
166.6,56.065574
166.7,56.065574
166.8,56.088993
166.9,56.088993
167.0,56.135831
167.1,56.159251
167.2,56.18267
167.3,56.18267
167.4,56.229508
167.5,56.229508
167.6,56.252927
167.7,56.252927
167.8,56.252927
167.9,56.299766
168.0,56.323185
168.1,56.323185
168.2,56.323185
168.3,56.346604
168.4,56.370023
168.5,56.416862
168.6,56.416862
168.7,56.416862
168.8,56.4637
168.9,56.4637
169.0,56.533958
169.1,56.557377
169.2,56.604215
169.3,56.604215
169.4,56.604215
169.5,56.604215
169.6,56.627635
169.7,56.627635
169.8,56.674473
169.9,56.674473
170.0,56.721311
170.1,56.744731
170.2,56.76815
170.3,56.76815
170.4,56.76815
170.5,56.814988
170.6,56.814988
170.7,56.838407
170.8,56.861827
170.9,56.861827
171.0,56.908665
171.1,56.932084
171.2,56.955504
171.3,56.978923
171.4,57.002342
171.5,57.025761
171.6,57.04918
171.7,57.04918
171.8,57.0726
171.9,57.0726
172.0,57.0726
172.1,57.119438
172.2,57.119438
172.3,57.142857
172.4,57.166276
172.5,57.213115
172.6,57.213115
172.7,57.213115
172.8,57.213115
172.9,57.213115
173.0,57.236534
173.1,57.236534
173.2,57.259953
173.3,57.259953
173.4,57.283372
173.5,57.283372
173.6,57.283372
173.7,57.283372
173.8,57.283372
173.9,57.283372
174.0,57.283372
174.1,57.283372
174.2,57.283372
174.3,57.283372
174.4,57.283372
174.5,57.283372
174.6,57.283372
174.7,57.283372
174.8,57.283372
174.9,57.283372
175.0,57.283372
175.1,57.283372
175.2,57.283372
175.3,57.283372
175.4,57.283372
175.5,57.283372
175.6,57.283372
175.7,57.283372
175.8,57.283372
175.9,57.283372
176.0,57.283372
176.1,57.283372
176.2,57.283372
176.3,57.283372
176.4,57.283372
176.5,57.283372
176.6,57.306792
176.7,57.306792
176.8,57.330211
176.9,57.330211
177.0,57.330211
177.1,57.35363
177.2,57.377049
177.3,57.423888
177.4,57.423888
177.5,57.423888
177.6,57.447307
177.7,57.470726
177.8,57.494145
177.9,57.494145
178.0,57.540984
178.1,57.564403
178.2,57.564403
178.3,57.564403
178.4,57.564403
178.5,57.587822
178.6,57.587822
178.7,57.587822
178.8,57.611241
178.9,57.63466
179.0,57.65808
179.1,57.65808
179.2,57.681499
179.3,57.681499
179.4,57.704918
179.5,57.728337
179.6,57.728337
179.7,57.728337
179.8,57.728337
179.9,57.775176
180.0,57.775176
180.1,57.775176
180.2,57.798595
180.3,57.868852
180.4,57.892272
180.5,57.892272
180.6,57.892272
180.7,57.892272
180.8,57.892272
180.9,57.892272
181.0,57.962529
181.1,57.962529
181.2,57.985948
181.3,58.009368
181.4,58.009368
181.5,58.009368
181.6,58.009368
181.7,58.009368
181.8,58.032787
181.9,58.056206
182.0,58.056206
182.1,58.103044
182.2,58.149883
182.3,58.149883
182.4,58.173302
182.5,58.173302
182.6,58.220141
182.7,58.220141
182.8,58.220141
182.9,58.220141
183.0,58.220141
183.1,58.220141
183.2,58.290398
183.3,58.313817
183.4,58.313817
183.5,58.337237
183.6,58.337237
183.7,58.337237
183.8,58.360656
183.9,58.360656
184.0,58.384075
184.1,58.384075
184.2,58.407494
184.3,58.430913
184.4,58.501171
184.5,58.52459
184.6,58.52459
184.7,58.52459
184.8,58.594848
184.9,58.594848
185.0,58.594848
185.1,58.594848
185.2,58.594848
185.3,58.594848
185.4,58.618267
185.5,58.665105
185.6,58.665105
185.7,58.758782
185.8,58.758782
185.9,58.758782
186.0,58.782201
186.1,58.782201
186.2,58.852459
186.3,58.852459
186.4,58.852459
186.5,58.852459
186.6,58.852459
186.7,58.899297
186.8,58.922717
186.9,58.946136
187.0,58.992974
187.1,59.016393
187.2,59.039813
187.3,59.039813
187.4,59.039813
187.5,59.063232
187.6,59.086651
187.7,59.11007
187.8,59.133489
187.9,59.133489
188.0,59.180328
188.1,59.227166
188.2,59.227166
188.3,59.250585
188.4,59.274005
188.5,59.297424
188.6,59.297424
188.7,59.297424
188.8,59.297424
188.9,59.297424
189.0,59.320843
189.1,59.320843
189.2,59.320843
189.3,59.320843
189.4,59.344262
189.5,59.391101
189.6,59.391101
189.7,59.391101
189.8,59.41452
189.9,59.41452
190.0,59.437939
190.1,59.437939
190.2,59.437939
190.3,59.484778
190.4,59.484778
190.5,59.484778
190.6,59.531616
190.7,59.555035
190.8,59.555035
190.9,59.578454
191.0,59.578454
191.1,59.578454
191.2,59.578454
191.3,59.578454
191.4,59.601874
191.5,59.601874
191.6,59.601874
191.7,59.601874
191.8,59.601874
191.9,59.648712
192.0,59.648712
192.1,59.648712
192.2,59.672131
192.3,59.69555
192.4,59.69555
192.5,59.69555
192.6,59.69555
192.7,59.742389
192.8,59.765808
192.9,59.765808
193.0,59.789227
193.1,59.859485
193.2,59.882904
193.3,59.906323
193.4,59.906323
193.5,59.929742
193.6,59.953162
193.7,59.976581
193.8,60.0
193.9,60.0
194.0,60.046838
194.1,60.046838
194.2,60.070258
194.3,60.070258
194.4,60.140515
194.5,60.163934
194.6,60.163934
194.7,60.163934
194.8,60.163934
194.9,60.163934
195.0,60.187354
195.1,60.257611
195.2,60.257611
195.3,60.28103
195.4,60.28103
195.5,60.30445
195.6,60.30445
195.7,60.327869
195.8,60.327869
195.9,60.351288
196.0,60.351288
196.1,60.374707
196.2,60.398126
196.3,60.421546
196.4,60.468384
196.5,60.468384
196.6,60.491803
196.7,60.491803
196.8,60.491803
196.9,60.491803
197.0,60.515222
197.1,60.515222
197.2,60.515222
197.3,60.515222
197.4,60.515222
197.5,60.515222
197.6,60.515222
197.7,60.538642
197.8,60.538642
197.9,60.562061
198.0,60.562061
198.1,60.562061
198.2,60.608899
198.3,60.632319
198.4,60.632319
198.5,60.632319
198.6,60.632319
198.7,60.655738
198.8,60.679157
198.9,60.702576
199.0,60.702576
199.1,60.725995
199.2,60.725995
199.3,60.749415
199.4,60.772834
199.5,60.772834
199.6,60.796253
199.7,60.866511
199.8,60.866511
199.9,60.866511
200.0,60.866511
200.1,60.866511
200.2,60.866511
200.3,60.866511
200.4,60.913349
200.5,60.960187
200.6,60.983607
200.7,61.053864
200.8,61.053864
200.9,61.053864
201.0,61.053864
201.1,61.100703
201.2,61.124122
201.3,61.124122
201.4,61.17096
201.5,61.194379
201.6,61.217799
201.7,61.288056
201.8,61.288056
201.9,61.311475
202.0,61.311475
202.1,61.334895
202.2,61.358314
202.3,61.381733
202.4,61.47541
202.5,61.498829
202.6,61.545667
202.7,61.545667
202.8,61.545667
202.9,61.592506
203.0,61.592506
203.1,61.615925
203.2,61.615925
203.3,61.615925
203.4,61.75644
203.5,61.75644
203.6,61.779859
203.7,61.850117
203.8,61.850117
203.9,61.850117
204.0,61.850117
204.1,61.850117
204.2,61.873536
204.3,61.896956
204.4,61.896956
204.5,61.943794
204.6,61.943794
204.7,62.014052
204.8,62.06089
204.9,62.084309
205.0,62.107728
205.1,62.177986
205.2,62.201405
205.3,62.201405
205.4,62.201405
205.5,62.201405
205.6,62.201405
205.7,62.248244
205.8,62.318501
205.9,62.34192
206.0,62.388759
206.1,62.388759
206.2,62.388759
206.3,62.412178
206.4,62.412178
206.5,62.435597
206.6,62.505855
206.7,62.505855
206.8,62.552693
206.9,62.552693
207.0,62.622951
207.1,62.64637
207.2,62.64637
207.3,62.669789
207.4,62.693208
207.5,62.693208
207.6,62.740047
207.7,62.763466
207.8,62.763466
207.9,62.810304
208.0,62.833724
208.1,62.857143
208.2,62.857143
208.3,62.857143
208.4,62.880562
208.5,62.880562
208.6,62.903981
208.7,62.903981
208.8,62.903981
208.9,62.9274
209.0,62.95082
209.1,62.997658
209.2,63.021077
209.3,63.021077
209.4,63.021077
209.5,63.044496
209.6,63.067916
209.7,63.091335
209.8,63.091335
209.9,63.091335
210.0,63.091335
210.1,63.138173
210.2,63.161593
210.3,63.161593
210.4,63.208431
210.5,63.208431
210.6,63.208431
210.7,63.255269
210.8,63.278689
210.9,63.302108
211.0,63.302108
211.1,63.302108
211.2,63.348946
211.3,63.348946
211.4,63.395785
211.5,63.419204
211.6,63.419204
211.7,63.489461
211.8,63.512881
211.9,63.512881
212.0,63.559719
212.1,63.606557
212.2,63.653396
212.3,63.653396
212.4,63.653396
212.5,63.676815
212.6,63.747073
212.7,63.793911
212.8,63.840749
212.9,63.864169
213.0,63.911007
213.1,63.934426
213.2,63.957845
213.3,63.957845
213.4,63.957845
213.5,63.957845
213.6,64.051522
213.7,64.12178
213.8,64.145199
213.9,64.168618
214.0,64.192037
214.1,64.215457
214.2,64.215457
214.3,64.285714
214.4,64.332553
214.5,64.40281
214.6,64.449649
214.7,64.473068
214.8,64.496487
214.9,64.566745
215.0,64.590164
215.1,64.590164
215.2,64.637002
215.3,64.637002
215.4,64.660422
215.5,64.683841
215.6,64.754098
215.7,64.754098
215.8,64.800937
215.9,64.871194
216.0,64.871194
216.1,64.894614
216.2,64.964871
216.3,64.98829
216.4,65.01171
216.5,65.01171
216.6,65.035129
216.7,65.105386
216.8,65.105386
216.9,65.175644
217.0,65.175644
217.1,65.269321
217.2,65.316159
217.3,65.339578
217.4,65.386417
217.5,65.433255
217.6,65.456674
217.7,65.503513
217.8,65.503513
217.9,65.526932
218.0,65.57377
218.1,65.620609
218.2,65.644028
218.3,65.644028
218.4,65.737705
218.5,65.784543
218.6,65.784543
218.7,65.784543
218.8,65.807963
218.9,65.87822
219.0,65.87822
219.1,65.87822
219.2,65.87822
219.3,65.87822
219.4,65.925059
219.5,65.995316
219.6,66.018735
219.7,66.088993
219.8,66.112412
219.9,66.112412
220.0,66.112412
220.1,66.112412
220.2,66.18267
220.3,66.206089
220.4,66.229508
220.5,66.252927
220.6,66.299766
220.7,66.323185
220.8,66.323185
220.9,66.346604
221.0,66.370023
221.1,66.416862
221.2,66.440281
221.3,66.4637
221.4,66.4637
221.5,66.4637
221.6,66.487119
221.7,66.533958
221.8,66.533958
221.9,66.580796
222.0,66.651054
222.1,66.674473
222.2,66.721311
222.3,66.744731
222.4,66.76815
222.5,66.814988
222.6,66.838407
222.7,66.885246
222.8,66.885246
222.9,66.908665
223.0,66.932084
223.1,66.955504
223.2,67.002342
223.3,67.002342
223.4,67.0726
223.5,67.096019
223.6,67.119438
223.7,67.119438
223.8,67.119438
223.9,67.189696
224.0,67.189696
224.1,67.189696
224.2,67.259953
224.3,67.283372
224.4,67.283372
224.5,67.330211
224.6,67.330211
224.7,67.35363
224.8,67.400468
224.9,67.423888
225.0,67.494145
225.1,67.494145
225.2,67.494145
225.3,67.517564
225.4,67.540984
225.5,67.587822
225.6,67.587822
225.7,67.611241
225.8,67.611241
225.9,67.65808
226.0,67.681499
226.1,67.704918
226.2,67.751756
226.3,67.751756
226.4,67.798595
226.5,67.798595
226.6,67.822014
226.7,67.845433
226.8,67.892272
226.9,67.892272
227.0,67.892272
227.1,67.892272
227.2,67.915691
227.3,67.985948
227.4,68.032787
227.5,68.056206
227.6,68.079625
227.7,68.079625
227.8,68.079625
227.9,68.126464
228.0,68.126464
228.1,68.149883
228.2,68.196721
228.3,68.196721
228.4,68.196721
228.5,68.220141
228.6,68.266979
228.7,68.266979
228.8,68.266979
228.9,68.290398
229.0,68.290398
229.1,68.290398
229.2,68.290398
229.3,68.290398
229.4,68.337237
229.5,68.337237
229.6,68.337237
229.7,68.337237
229.8,68.337237
229.9,68.337237
230.0,68.384075
230.1,68.384075
230.2,68.384075
230.3,68.384075
230.4,68.384075
230.5,68.384075
230.6,68.384075
230.7,68.384075
230.8,68.407494
230.9,68.430913
231.0,68.430913
231.1,68.430913
231.2,68.430913
231.3,68.454333
231.4,68.454333
231.5,68.454333
231.6,68.454333
231.7,68.454333
231.8,68.454333
231.9,68.454333
232.0,68.454333
232.1,68.454333
232.2,68.454333
232.3,68.454333
232.4,68.454333
232.5,68.454333
232.6,68.454333
232.7,68.454333
232.8,68.454333
232.9,68.454333
233.0,68.454333
233.1,68.454333
233.2,68.454333
233.3,68.477752
233.4,68.477752
233.5,68.477752
233.6,68.477752
233.7,68.477752
233.8,68.477752
233.9,68.477752
234.0,68.477752
234.1,68.477752
234.2,68.477752
234.3,68.477752
234.4,68.477752
234.5,68.477752
234.6,68.477752
234.7,68.501171
234.8,68.501171
234.9,68.501171
235.0,68.501171
235.1,68.548009
235.2,68.571429
235.3,68.571429
235.4,68.571429
235.5,68.571429
235.6,68.571429
235.7,68.594848
235.8,68.618267
235.9,68.618267
236.0,68.618267
236.1,68.618267
236.2,68.641686
236.3,68.641686
236.4,68.641686
236.5,68.641686
236.6,68.665105
236.7,68.688525
236.8,68.688525
236.9,68.688525
237.0,68.688525
237.1,68.688525
237.2,68.735363
237.3,68.758782
237.4,68.758782
237.5,68.805621
237.6,68.805621
237.7,68.805621
237.8,68.805621
237.9,68.805621
238.0,68.82904
238.1,68.875878
238.2,68.899297
238.3,68.969555
238.4,68.969555
238.5,68.992974
238.6,69.016393
238.7,69.039813
238.8,69.063232
238.9,69.063232
239.0,69.063232
239.1,69.086651
239.2,69.133489
239.3,69.180328
239.4,69.227166
239.5,69.227166
239.6,69.250585
239.7,69.250585
239.8,69.274005
239.9,69.274005
240.0,69.274005
240.1,69.367681
240.2,69.41452
240.3,69.437939
240.4,69.461358
240.5,69.484778
240.6,69.531616
240.7,69.531616
240.8,69.531616
240.9,69.531616
241.0,69.578454
241.1,69.625293
241.2,69.625293
241.3,69.69555
241.4,69.742389
241.5,69.789227
241.6,69.812646
241.7,69.812646
241.8,69.882904
241.9,69.906323
242.0,69.953162
242.1,69.976581
242.2,69.976581
242.3,70.023419
242.4,70.070258
242.5,70.140515
242.6,70.163934
242.7,70.163934
242.8,70.210773
242.9,70.28103
243.0,70.327869
243.1,70.374707
243.2,70.374707
243.3,70.444965
243.4,70.468384
243.5,70.538642
243.6,70.562061
243.7,70.58548
243.8,70.632319
243.9,70.632319
244.0,70.702576
244.1,70.702576
244.2,70.725995
244.3,70.749415
244.4,70.843091
244.5,70.88993
244.6,70.913349
244.7,70.936768
244.8,70.936768
244.9,70.936768
245.0,70.983607
245.1,71.030445
245.2,71.053864
245.3,71.077283
245.4,71.100703
245.5,71.147541
245.6,71.194379
245.7,71.241218
245.8,71.241218
245.9,71.288056
246.0,71.334895
246.1,71.358314
246.2,71.405152
246.3,71.428571
246.4,71.47541
246.5,71.569087
246.6,71.615925
246.7,71.639344
246.8,71.639344
246.9,71.639344
247.0,71.662763
247.1,71.662763
247.2,71.709602
247.3,71.779859
247.4,71.850117
247.5,71.943794
247.6,71.967213
247.7,71.990632
247.8,71.990632
247.9,72.107728
248.0,72.131148
248.1,72.131148
248.2,72.131148
248.3,72.131148
248.4,72.154567
248.5,72.154567
248.6,72.224824
248.7,72.248244
248.8,72.295082
248.9,72.34192
249.0,72.36534
249.1,72.412178
249.2,72.435597
249.3,72.435597
249.4,72.505855
249.5,72.505855
249.6,72.529274
249.7,72.576112
249.8,72.622951
249.9,72.64637
250.0,72.740047
250.1,72.786885
250.2,72.786885
250.3,72.786885
250.4,72.833724
250.5,72.880562
250.6,72.903981
250.7,72.903981
250.8,72.95082
250.9,73.021077
251.0,73.067916
251.1,73.091335
251.2,73.114754
251.3,73.114754
251.4,73.23185
251.5,73.278689
251.6,73.278689
251.7,73.302108
251.8,73.302108
251.9,73.302108
252.0,73.325527
252.1,73.395785
252.2,73.419204
252.3,73.442623
252.4,73.442623
252.5,73.489461
252.6,73.5363
252.7,73.606557
252.8,73.629977
252.9,73.629977
253.0,73.629977
253.1,73.653396
253.2,73.676815
253.3,73.723653
253.4,73.723653
253.5,73.770492
253.6,73.81733
253.7,73.864169
253.8,73.887588
253.9,73.887588
254.0,73.887588
254.1,73.887588
254.2,73.887588
254.3,73.934426
254.4,73.957845
254.5,73.957845
254.6,73.981265
254.7,74.004684
254.8,74.004684
254.9,74.004684
255.0,74.028103
255.1,74.074941
255.2,74.074941
255.3,74.074941
255.4,74.145199
255.5,74.145199
255.6,74.145199
255.7,74.145199
255.8,74.168618
255.9,74.215457
256.0,74.215457
256.1,74.238876
256.2,74.238876
256.3,74.238876
256.4,74.238876
256.5,74.262295
256.6,74.262295
256.7,74.262295
256.8,74.262295
256.9,74.262295
257.0,74.262295
257.1,74.262295
257.2,74.309133
257.3,74.309133
257.4,74.332553
257.5,74.379391
257.6,74.40281
257.7,74.40281
257.8,74.40281
257.9,74.40281
258.0,74.42623
258.1,74.42623
258.2,74.42623
258.3,74.42623
258.4,74.42623
258.5,74.42623
258.6,74.449649
258.7,74.449649
258.8,74.473068
258.9,74.473068
259.0,74.496487
259.1,74.496487
259.2,74.496487
259.3,74.519906
259.4,74.519906
259.5,74.519906
259.6,74.519906
259.7,74.566745
259.8,74.566745
259.9,74.637002
260.0,74.637002
260.1,74.637002
260.2,74.637002
260.3,74.637002
260.4,74.637002
260.5,74.683841
260.6,74.683841
260.7,74.683841
260.8,74.730679
260.9,74.754098
261.0,74.754098
261.1,74.754098
261.2,74.754098
261.3,74.800937
261.4,74.824356
261.5,74.824356
261.6,74.824356
261.7,74.824356
261.8,74.824356
261.9,74.847775
262.0,74.871194
262.1,74.871194
262.2,74.918033
262.3,74.918033
262.4,74.941452
262.5,74.941452
262.6,74.941452
262.7,74.964871
262.8,74.98829
262.9,74.98829
263.0,74.98829
263.1,74.98829
263.2,75.035129
263.3,75.035129
263.4,75.035129
263.5,75.058548
263.6,75.058548
263.7,75.058548
263.8,75.058548
263.9,75.081967
264.0,75.105386
264.1,75.105386
264.2,75.105386
264.3,75.128806
264.4,75.128806
264.5,75.152225
264.6,75.152225
264.7,75.152225
264.8,75.175644
264.9,75.175644
265.0,75.175644
265.1,75.175644
265.2,75.175644
265.3,75.175644
265.4,75.175644
265.5,75.175644
265.6,75.175644
265.7,75.175644
265.8,75.175644
265.9,75.175644
266.0,75.175644
266.1,75.175644
266.2,75.175644
266.3,75.175644
266.4,75.175644
266.5,75.175644
266.6,75.175644
266.7,75.175644
266.8,75.175644
266.9,75.175644
267.0,75.175644
267.1,75.175644
267.2,75.175644
267.3,75.175644
267.4,75.175644
267.5,75.175644
267.6,75.175644
267.7,75.175644
267.8,75.199063
267.9,75.199063
268.0,75.199063
268.1,75.199063
268.2,75.199063
268.3,75.199063
268.4,75.199063
268.5,75.222482
268.6,75.222482
268.7,75.245902
268.8,75.269321
268.9,75.29274
269.0,75.316159
269.1,75.362998
269.2,75.362998
269.3,75.386417
269.4,75.386417
269.5,75.386417
269.6,75.386417
269.7,75.480094
269.8,75.526932
269.9,75.526932
270.0,75.57377
270.1,75.59719
270.2,75.59719
270.3,75.644028
270.4,75.644028
270.5,75.644028
270.6,75.644028
270.7,75.667447
270.8,75.714286
270.9,75.737705
271.0,75.761124
271.1,75.807963
271.2,75.831382
271.3,75.87822
271.4,75.901639
271.5,75.901639
271.6,75.901639
271.7,75.925059
271.8,75.995316
271.9,76.018735
272.0,76.065574
272.1,76.112412
272.2,76.135831
272.3,76.135831
272.4,76.159251
272.5,76.252927
272.6,76.252927
272.7,76.346604
272.8,76.346604
272.9,76.370023
273.0,76.370023
273.1,76.370023
273.2,76.416862
273.3,76.4637
273.4,76.487119
273.5,76.510539
273.6,76.557377
273.7,76.557377
273.8,76.604215
273.9,76.604215
274.0,76.651054
274.1,76.651054
274.2,76.697892
274.3,76.76815
274.4,76.791569
274.5,76.814988
274.6,76.814988
274.7,76.838407
274.8,76.861827
274.9,76.861827
275.0,76.861827
275.1,76.885246
275.2,76.908665
275.3,76.932084
275.4,77.002342
275.5,77.025761
275.6,77.04918
275.7,77.04918
275.8,77.04918
275.9,77.0726
276.0,77.096019
276.1,77.096019
276.2,77.166276
276.3,77.166276
276.4,77.213115
276.5,77.213115
276.6,77.236534
276.7,77.259953
276.8,77.259953
276.9,77.259953
277.0,77.283372
277.1,77.283372
277.2,77.283372
277.3,77.283372
277.4,77.283372
277.5,77.330211
277.6,77.377049
277.7,77.377049
277.8,77.377049
277.9,77.447307
278.0,77.447307
278.1,77.447307
278.2,77.447307
278.3,77.447307
278.4,77.447307
278.5,77.447307
278.6,77.517564
278.7,77.517564
278.8,77.540984
278.9,77.540984
279.0,77.540984
279.1,77.540984
279.2,77.540984
279.3,77.564403
279.4,77.611241
279.5,77.611241
279.6,77.65808
279.7,77.65808
279.8,77.681499
279.9,77.704918
280.0,77.704918
280.1,77.704918
280.2,77.728337
280.3,77.751756
280.4,77.751756
280.5,77.775176
280.6,77.775176
280.7,77.822014
280.8,77.845433
280.9,77.892272
281.0,77.892272
281.1,77.892272
281.2,77.892272
281.3,77.93911
281.4,77.962529
281.5,77.962529
281.6,77.962529
281.7,77.962529
281.8,78.009368
281.9,78.009368
282.0,78.009368
282.1,78.032787
282.2,78.056206
282.3,78.056206
282.4,78.056206
282.5,78.056206
282.6,78.079625
282.7,78.103044
282.8,78.126464
282.9,78.173302
283.0,78.173302
283.1,78.173302
283.2,78.196721
283.3,78.196721
283.4,78.196721
283.5,78.196721
283.6,78.24356
283.7,78.266979
283.8,78.266979
283.9,78.313817
284.0,78.313817
284.1,78.313817
284.2,78.313817
284.3,78.337237
284.4,78.337237
284.5,78.360656
284.6,78.384075
284.7,78.384075
284.8,78.430913
284.9,78.454333
285.0,78.454333
285.1,78.454333
285.2,78.454333
285.3,78.477752
285.4,78.501171
285.5,78.52459
285.6,78.52459
285.7,78.548009
285.8,78.571429
285.9,78.618267
286.0,78.618267
286.1,78.618267
286.2,78.618267
286.3,78.618267
286.4,78.665105
286.5,78.688525
286.6,78.688525
286.7,78.735363
286.8,78.758782
286.9,78.782201
287.0,78.782201
287.1,78.782201
287.2,78.805621
287.3,78.82904
287.4,78.82904
287.5,78.82904
287.6,78.82904
287.7,78.852459
287.8,78.875878
287.9,78.875878
288.0,78.899297
288.1,78.899297
288.2,78.899297
288.3,78.922717
288.4,78.922717
288.5,78.922717
288.6,78.922717
288.7,78.922717
288.8,78.922717
288.9,78.922717
289.0,78.922717
289.1,78.922717
289.2,78.922717
289.3,78.922717
289.4,78.922717
289.5,78.922717
289.6,78.922717
289.7,78.922717
289.8,78.922717
289.9,78.922717
290.0,78.922717
290.1,78.922717
290.2,78.922717
290.3,78.922717
290.4,78.922717
290.5,78.922717
290.6,78.922717
290.7,78.922717
290.8,78.922717
290.9,78.922717
291.0,78.922717
291.1,78.922717
291.2,78.922717
291.3,78.922717
291.4,78.922717
291.5,78.922717
291.6,78.946136
291.7,78.946136
291.8,78.946136
291.9,78.946136
292.0,78.946136
292.1,78.946136
292.2,78.969555
292.3,78.969555
292.4,78.992974
292.5,79.016393
292.6,79.016393
292.7,79.016393
292.8,79.016393
292.9,79.063232
293.0,79.063232
293.1,79.086651
293.2,79.11007
293.3,79.11007
293.4,79.133489
293.5,79.133489
293.6,79.133489
293.7,79.133489
293.8,79.133489
293.9,79.180328
294.0,79.227166
294.1,79.227166
294.2,79.250585
294.3,79.250585
294.4,79.250585
294.5,79.250585
294.6,79.250585
294.7,79.274005
294.8,79.320843
294.9,79.344262
295.0,79.367681
295.1,79.367681
295.2,79.367681
295.3,79.41452
295.4,79.41452
295.5,79.41452
295.6,79.437939
295.7,79.461358
295.8,79.461358
295.9,79.484778
296.0,79.531616
296.1,79.531616
296.2,79.531616
296.3,79.531616
296.4,79.531616
296.5,79.531616
296.6,79.531616
296.7,79.531616
296.8,79.531616
296.9,79.531616
297.0,79.531616
297.1,79.531616
297.2,79.531616
297.3,79.531616
297.4,79.531616
297.5,79.531616
297.6,79.531616
297.7,79.531616
297.8,79.531616
297.9,79.531616
298.0,79.531616
298.1,79.531616
298.2,79.531616
298.3,79.531616
298.4,79.531616
298.5,79.531616
298.6,79.531616
298.7,79.531616
298.8,79.531616
298.9,79.531616
299.0,79.531616
299.1,79.531616
299.2,79.531616
299.3,79.531616
299.4,79.531616
299.5,79.531616
299.6,79.531616
299.7,79.531616
299.8,79.531616
299.9,79.531616
300.0,79.531616
300.1,79.531616
300.2,79.531616
300.3,79.531616
300.4,79.531616
300.5,79.531616
300.6,79.531616
300.7,79.531616
300.8,79.531616
300.9,79.531616
301.0,79.531616
301.1,79.531616
301.2,79.531616
301.3,79.531616
301.4,79.531616
301.5,79.531616
301.6,79.531616
301.7,79.531616
301.8,79.531616
301.9,79.531616
302.0,79.531616
302.1,79.531616
302.2,79.531616
302.3,79.531616
302.4,79.531616
302.5,79.531616
302.6,79.531616
302.7,79.531616
302.8,79.531616
302.9,79.531616
303.0,79.531616
303.1,79.531616
303.2,79.531616
303.3,79.531616
303.4,79.531616
303.5,79.531616
303.6,79.531616
303.7,79.531616
303.8,79.531616
303.9,79.555035
304.0,79.555035
304.1,79.555035
304.2,79.555035
304.3,79.555035
304.4,79.578454
304.5,79.578454
304.6,79.578454
304.7,79.578454
304.8,79.578454
304.9,79.578454
305.0,79.578454
305.1,79.601874
305.2,79.601874
305.3,79.625293
305.4,79.648712
305.5,79.648712
305.6,79.648712
305.7,79.648712
305.8,79.648712
305.9,79.672131
306.0,79.672131
306.1,79.672131
306.2,79.672131
306.3,79.672131
306.4,79.672131
306.5,79.69555
306.6,79.69555
306.7,79.69555
306.8,79.742389
306.9,79.742389
307.0,79.742389
307.1,79.742389
307.2,79.742389
307.3,79.742389
307.4,79.742389
307.5,79.742389
307.6,79.742389
307.7,79.742389
307.8,79.742389
307.9,79.742389
308.0,79.765808
308.1,79.765808
308.2,79.789227
308.3,79.789227
308.4,79.789227
308.5,79.789227
308.6,79.789227
308.7,79.789227
308.8,79.789227
308.9,79.789227
309.0,79.789227
309.1,79.789227
309.2,79.789227
309.3,79.789227
309.4,79.812646
309.5,79.812646
309.6,79.812646
309.7,79.836066
309.8,79.836066
309.9,79.836066
310.0,79.836066
310.1,79.836066
310.2,79.836066
310.3,79.836066
310.4,79.836066
310.5,79.836066
310.6,79.836066
310.7,79.836066
310.8,79.836066
310.9,79.836066
311.0,79.836066
311.1,79.836066
311.2,79.859485
311.3,79.859485
311.4,79.859485
311.5,79.859485
311.6,79.859485
311.7,79.859485
311.8,79.859485
311.9,79.859485
312.0,79.859485
312.1,79.859485
312.2,79.859485
312.3,79.859485
312.4,79.859485
312.5,79.859485
312.6,79.859485
312.7,79.859485
312.8,79.859485
312.9,79.859485
313.0,79.859485
313.1,79.859485
313.2,79.882904
313.3,79.882904
313.4,79.882904
313.5,79.882904
313.6,79.882904
313.7,79.882904
313.8,79.906323
313.9,79.906323
314.0,79.906323
314.1,79.906323
314.2,79.906323
314.3,79.906323
314.4,79.906323
314.5,79.906323
314.6,79.929742
314.7,79.953162
314.8,79.976581
314.9,79.976581
315.0,79.976581
315.1,79.976581
315.2,79.976581
315.3,80.0
315.4,80.0
315.5,80.023419
315.6,80.023419
315.7,80.023419
315.8,80.023419
315.9,80.023419
316.0,80.046838
316.1,80.070258
316.2,80.070258
316.3,80.070258
316.4,80.070258
316.5,80.070258
316.6,80.070258
316.7,80.093677
316.8,80.093677
316.9,80.093677
317.0,80.117096
317.1,80.117096
317.2,80.140515
317.3,80.140515
317.4,80.163934
317.5,80.163934
317.6,80.163934
317.7,80.163934
317.8,80.163934
317.9,80.163934
318.0,80.163934
318.1,80.187354
318.2,80.187354
318.3,80.187354
318.4,80.210773
318.5,80.210773
318.6,80.210773
318.7,80.210773
318.8,80.210773
318.9,80.234192
319.0,80.234192
319.1,80.234192
319.2,80.234192
319.3,80.234192
319.4,80.234192
319.5,80.234192
319.6,80.257611
319.7,80.257611
319.8,80.28103
319.9,80.28103
320.0,80.28103
320.1,80.28103
320.2,80.28103
320.3,80.30445
320.4,80.30445
320.5,80.30445
320.6,80.30445
320.7,80.30445
320.8,80.30445
320.9,80.30445
321.0,80.327869
321.1,80.351288
321.2,80.374707
321.3,80.398126
321.4,80.421546
321.5,80.421546
321.6,80.421546
321.7,80.421546
321.8,80.421546
321.9,80.421546
322.0,80.421546
322.1,80.421546
322.2,80.421546
322.3,80.421546
322.4,80.421546
322.5,80.468384
322.6,80.468384
322.7,80.468384
322.8,80.491803
322.9,80.491803
323.0,80.491803
323.1,80.491803
323.2,80.491803
323.3,80.491803
323.4,80.491803
323.5,80.491803
323.6,80.491803
323.7,80.515222
323.8,80.538642
323.9,80.538642
324.0,80.538642
324.1,80.538642
324.2,80.562061
324.3,80.562061
324.4,80.58548
324.5,80.58548
324.6,80.58548
324.7,80.58548
324.8,80.58548
324.9,80.58548
325.0,80.632319
325.1,80.655738
325.2,80.655738
325.3,80.655738
325.4,80.679157
325.5,80.702576
325.6,80.725995
325.7,80.749415
325.8,80.772834
325.9,80.796253
326.0,80.796253
326.1,80.819672
326.2,80.866511
326.3,80.866511
326.4,80.88993
326.5,80.88993
326.6,80.913349
326.7,80.913349
326.8,80.913349
326.9,80.913349
327.0,80.936768
327.1,80.983607
327.2,81.007026
327.3,81.030445
327.4,81.030445
327.5,81.030445
327.6,81.030445
327.7,81.030445
327.8,81.030445
327.9,81.053864
328.0,81.053864
328.1,81.077283
328.2,81.077283
328.3,81.077283
328.4,81.077283
328.5,81.100703
328.6,81.124122
328.7,81.124122
328.8,81.147541
328.9,81.147541
329.0,81.17096
329.1,81.194379
329.2,81.194379
329.3,81.241218
329.4,81.241218
329.5,81.264637
329.6,81.264637
329.7,81.264637
329.8,81.264637
329.9,81.288056
330.0,81.311475
330.1,81.358314
330.2,81.381733
330.3,81.405152
330.4,81.428571
330.5,81.498829
330.6,81.522248
330.7,81.522248
330.8,81.545667
330.9,81.592506
331.0,81.639344
331.1,81.686183
331.2,81.709602
331.3,81.733021
331.4,81.733021
331.5,81.75644
331.6,81.75644
331.7,81.75644
331.8,81.779859
331.9,81.896956
332.0,81.896956
332.1,81.920375
332.2,81.920375
332.3,81.967213
332.4,81.990632
332.5,82.014052
332.6,82.014052
332.7,82.014052
332.8,82.037471
332.9,82.06089
333.0,82.084309
333.1,82.107728
333.2,82.107728
333.3,82.177986
333.4,82.177986
333.5,82.177986
333.6,82.177986
333.7,82.177986
333.8,82.201405
333.9,82.224824
334.0,82.248244
334.1,82.248244
334.2,82.271663
334.3,82.295082
334.4,82.34192
334.5,82.34192
334.6,82.34192
334.7,82.34192
334.8,82.34192
334.9,82.388759
335.0,82.412178
335.1,82.412178
335.2,82.482436
335.3,82.529274
335.4,82.552693
335.5,82.552693
335.6,82.576112
335.7,82.622951
335.8,82.622951
335.9,82.622951
336.0,82.622951
336.1,82.64637
336.2,82.669789
336.3,82.669789
336.4,82.716628
336.5,82.740047
336.6,82.740047
336.7,82.810304
336.8,82.833724
336.9,82.833724
337.0,82.833724
337.1,82.880562
337.2,82.9274
337.3,82.9274
337.4,82.95082
337.5,82.95082
337.6,82.95082
337.7,82.974239
337.8,83.021077
337.9,83.021077
338.0,83.067916
338.1,83.067916
338.2,83.091335
338.3,83.091335
338.4,83.114754
338.5,83.161593
338.6,83.185012
338.7,83.185012
338.8,83.185012
338.9,83.208431
339.0,83.208431
339.1,83.23185
339.2,83.255269
339.3,83.278689
339.4,83.278689
339.5,83.278689
339.6,83.278689
339.7,83.302108
339.8,83.325527
339.9,83.325527
340.0,83.325527
340.1,83.325527
340.2,83.348946
340.3,83.395785
340.4,83.395785
340.5,83.419204
340.6,83.442623
340.7,83.442623
340.8,83.442623
340.9,83.442623
341.0,83.442623
341.1,83.442623
341.2,83.466042
341.3,83.489461
341.4,83.512881
341.5,83.559719
341.6,83.559719
341.7,83.559719
341.8,83.606557
341.9,83.606557
342.0,83.629977
342.1,83.629977
342.2,83.629977
342.3,83.653396
342.4,83.700234
342.5,83.723653
342.6,83.723653
342.7,83.747073
342.8,83.747073
342.9,83.793911
343.0,83.793911
343.1,83.793911
343.2,83.793911
343.3,83.793911
343.4,83.81733
343.5,83.864169
343.6,83.864169
343.7,83.887588
343.8,83.911007
343.9,83.911007
344.0,83.934426
344.1,83.934426
344.2,83.934426
344.3,83.934426
344.4,83.981265
344.5,84.004684
344.6,84.028103
344.7,84.051522
344.8,84.051522
344.9,84.051522
345.0,84.051522
345.1,84.074941
345.2,84.098361
345.3,84.098361
345.4,84.12178
345.5,84.168618
345.6,84.192037
345.7,84.192037
345.8,84.215457
345.9,84.215457
346.0,84.215457
346.1,84.215457
346.2,84.215457
346.3,84.215457
346.4,84.215457
346.5,84.215457
346.6,84.238876
346.7,84.238876
346.8,84.238876
346.9,84.238876
347.0,84.238876
347.1,84.262295
347.2,84.262295
347.3,84.285714
347.4,84.285714
347.5,84.285714
347.6,84.285714
347.7,84.285714
347.8,84.285714
347.9,84.285714
348.0,84.285714
348.1,84.285714
348.2,84.285714
348.3,84.285714
348.4,84.285714
348.5,84.309133
348.6,84.309133
348.7,84.309133
348.8,84.309133
348.9,84.309133
349.0,84.309133
349.1,84.309133
349.2,84.309133
349.3,84.332553
349.4,84.332553
349.5,84.332553
349.6,84.332553
349.7,84.332553
349.8,84.332553
349.9,84.332553
350.0,84.332553
