scenario,seed,target_id,target_type,spawn_time,detection_time,detection_delay,assigned_uav,assignment_time,tracking_start,tracking_end,tracking_duration,loss_events,reacq_events,handover_events,localization_errors,avg_loc_error,tracking_accuracy,final_status,state_changes
Static Only,42,0,static,0.2,9.399999999999983,9.199999999999983,8,9.399999999999983,9.499999999999982,17.59999999999998,8.099999999999998,0,0,0,0.0000,0.0,0.6,completed,0
Static Only,42,1,static,0.2,26.300000000000104,26.100000000000104,5,26.300000000000104,26.400000000000105,34.40000000000022,8.000000000000114,0,0,0,0.0000,0.0,1.0,completed,0
Static Only,42,2,static,0.2,77.49999999999987,77.29999999999987,4,77.49999999999987,77.59999999999987,85.6999999999994,8.09999999999954,0,0,0,0.0000,0.0,1.0,completed,0
Static Only,42,3,static,0.2,73.5000000000001,73.3000000000001,1,73.5000000000001,73.6000000000001,81.69999999999963,8.09999999999954,0,0,0,0.0000,0.0,1.0,completed,0
Static Only,42,4,static,0.2,88.89999999999922,88.69999999999922,2,88.89999999999922,88.99999999999922,,1.299999999999926,0,0,0,0.0000,0.0,1.0,tracking,0
Static Only,42,5,static,0.2,73.6000000000001,73.40000000000009,6,73.6000000000001,73.70000000000009,81.79999999999963,8.09999999999954,0,0,0,0.0000,0.0,1.0,completed,0
Static Only,42,6,static,0.2,9.799999999999981,9.599999999999982,3,9.799999999999981,9.89999999999998,17.899999999999984,8.000000000000004,0,0,0,0.0000,0.0,0.8666666666666667,completed,0
Static Only,42,7,static,0.2,0.2,0.0,7,0.2,0.30000000000000004,8.399999999999986,8.099999999999987,0,0,0,0.0000,0.0,1.0,completed,0
Static Only,73,0,static,0.2,2.700000000000001,2.500000000000001,7,2.700000000000001,2.800000000000001,10.899999999999977,8.099999999999977,0,0,1,0.0000,0.0,0.9285714285714286,completed,0
Static Only,73,1,static,0.2,,,,,,,0.0,0,0,0,0.0000,0.0,0.0,undiscovered,0
Static Only,73,2,static,0.2,,,,,,,0.0,0,0,0,0.0000,0.0,0.0,undiscovered,0
Static Only,73,3,static,0.2,45.50000000000038,45.300000000000374,4,45.50000000000038,45.60000000000038,53.60000000000049,8.000000000000114,0,0,0,0.0000,0.0,1.0,completed,0
Static Only,73,4,static,0.2,40.80000000000031,40.60000000000031,2,40.80000000000031,40.90000000000031,48.900000000000425,8.000000000000114,0,0,0,0.0000,0.0,1.0,completed,0
Static Only,73,5,static,0.2,,,,,,,0.0,0,0,0,0.0000,0.0,0.0,undiscovered,0
Static Only,73,6,static,0.2,1.9000000000000006,1.7000000000000006,3,1.9000000000000006,2.0000000000000004,10.09999999999998,8.09999999999998,0,0,0,0.0000,0.0,1.0,completed,0
Static Only,73,7,static,0.2,6.299999999999994,6.099999999999993,0,6.299999999999994,6.399999999999993,14.499999999999964,8.099999999999971,0,0,0,0.0000,0.0,1.0,completed,0
Static Only,137,0,static,0.2,18.39999999999999,18.199999999999992,9,18.39999999999999,18.499999999999993,26.500000000000107,8.000000000000114,0,0,0,0.0000,0.0,0.7058823529411765,completed,0
Static Only,137,1,static,0.2,3.600000000000002,3.4000000000000017,3,3.600000000000002,3.700000000000002,11.799999999999974,8.099999999999973,0,0,0,0.0000,0.0,1.0,completed,0
Static Only,137,2,static,0.2,10.29999999999998,10.09999999999998,2,10.29999999999998,10.399999999999979,18.39999999999999,8.000000000000012,0,0,0,0.0000,0.0,1.0,completed,0
Static Only,137,3,static,0.2,38.70000000000028,38.50000000000028,1,38.70000000000028,38.80000000000028,46.800000000000395,8.000000000000114,0,0,0,0.0000,0.0,1.0,completed,0
Static Only,137,4,static,0.2,,,,,,,0.0,0,0,0,0.0000,0.0,0.0,undiscovered,0
Static Only,137,5,static,0.2,18.39999999999999,18.199999999999992,4,18.39999999999999,18.499999999999993,26.500000000000107,8.000000000000114,0,0,0,0.0000,0.0,1.0,completed,0
Static Only,137,6,static,0.2,0.2,0.0,0,0.2,0.30000000000000004,8.399999999999986,8.099999999999987,0,0,0,0.0000,0.0,1.0,completed,0
Static Only,137,7,static,0.2,4.899999999999999,4.699999999999998,8,4.899999999999999,4.999999999999998,13.09999999999997,8.099999999999971,0,0,0,0.0000,0.0,1.0,completed,0
Static Only,256,0,static,0.2,61.0000000000006,60.800000000000594,6,61.0000000000006,61.1000000000006,70.20000000000029,9.099999999999689,0,0,0,0.0000,0.0,0.5294117647058824,completed,0
Static Only,256,1,static,0.2,28.600000000000136,28.400000000000137,5,28.600000000000136,28.700000000000138,36.70000000000025,8.000000000000114,0,0,0,0.0000,0.0,1.0,completed,0
Static Only,256,2,static,0.2,34.60000000000022,34.40000000000022,9,34.60000000000022,34.70000000000022,42.70000000000034,8.000000000000114,0,0,0,0.0000,0.0,1.0,completed,0
Static Only,256,3,static,0.2,45.70000000000038,45.50000000000038,8,45.70000000000038,45.80000000000038,53.800000000000495,8.000000000000114,0,0,0,0.0000,0.0,1.0,completed,0
Static Only,256,4,static,0.2,24.60000000000008,24.40000000000008,7,24.60000000000008,24.70000000000008,32.700000000000195,8.000000000000114,0,0,0,0.0000,0.0,1.0,completed,0
Static Only,256,5,static,0.2,0.2,0.0,2,0.2,0.30000000000000004,8.399999999999986,8.099999999999987,0,0,0,0.0000,0.0,1.0,completed,0
Static Only,256,6,static,0.2,,,,,,,0.0,0,0,0,0.0000,0.0,0.0,undiscovered,0
Static Only,256,7,static,0.2,35.30000000000023,35.10000000000023,3,35.30000000000023,35.40000000000023,43.40000000000035,8.000000000000114,0,0,0,0.0000,0.0,1.0,completed,0
Static Only,999,0,static,0.2,,,,,,,0.0,0,0,0,0.0000,0.0,0.0,undiscovered,0
Static Only,999,1,static,0.2,20.000000000000014,19.800000000000015,5,20.000000000000014,20.100000000000016,28.10000000000013,8.000000000000114,0,0,0,0.0000,0.0,1.0,completed,0
Static Only,999,2,static,0.2,55.00000000000051,54.80000000000051,1,55.00000000000051,55.10000000000051,63.10000000000063,8.000000000000114,0,0,0,0.0000,0.0,1.0,completed,0
Static Only,999,3,static,0.2,19.200000000000003,19.000000000000004,6,19.200000000000003,19.300000000000004,27.300000000000118,8.000000000000114,0,0,0,0.0000,0.0,1.0,completed,0
Static Only,999,4,static,0.2,,,,,,,0.0,0,0,0,0.0000,0.0,0.0,undiscovered,0
Static Only,999,5,static,0.2,8.799999999999985,8.599999999999985,4,8.799999999999985,8.899999999999984,16.99999999999997,8.099999999999987,0,0,0,0.0000,0.0,1.0,completed,0
Static Only,999,6,static,0.2,0.2,0.0,7,0.2,0.30000000000000004,8.399999999999986,8.099999999999987,0,0,0,0.0000,0.0,1.0,completed,0
Static Only,999,7,static,0.2,37.40000000000026,37.20000000000026,0,37.40000000000026,37.50000000000026,45.50000000000038,8.000000000000114,0,0,0,0.0000,0.0,1.0,completed,0
Dynamic Only,42,0,dynamic,0.2,21.80000000000004,21.60000000000004,2,21.80000000000004,21.90000000000004,68.90000000000036,47.00000000000032,1,1,0,0.0000,0.0,0.043010752688172046,completed,0
Dynamic Only,42,1,dynamic,0.2,47.70000000000041,47.500000000000405,8,47.70000000000041,47.80000000000041,55.80000000000052,8.000000000000114,0,0,0,0.0000,0.0,0.9411764705882353,completed,0
Dynamic Only,42,2,dynamic,0.2,58.60000000000056,58.40000000000056,2,58.60000000000056,58.700000000000564,67.80000000000042,9.09999999999986,0,0,0,0.0000,0.0,0.8823529411764706,completed,0
Dynamic Only,42,3,dynamic,0.2,12.499999999999972,12.299999999999972,3,12.499999999999972,12.599999999999971,20.600000000000023,8.000000000000052,0,0,0,0.0000,0.0,1.0,completed,0
Dynamic Only,42,4,dynamic,0.2,,,,,,,0.0,0,0,0,0.0000,0.0,0.0,undiscovered,0
Dynamic Only,42,5,dynamic,0.2,57.300000000000544,57.10000000000054,1,57.300000000000544,57.400000000000546,65.40000000000056,8.000000000000014,0,0,0,0.0000,0.0,1.0,completed,0
Dynamic Only,42,6,dynamic,0.2,14.099999999999966,13.899999999999967,7,14.099999999999966,14.199999999999966,22.200000000000045,8.00000000000008,0,0,1,0.0000,0.0,0.8125,completed,0
Dynamic Only,42,7,dynamic,0.2,0.2,0.0,6,0.2,0.30000000000000004,8.399999999999986,8.099999999999987,0,0,1,0.0000,0.0,0.6666666666666666,completed,0
Dynamic Only,73,0,dynamic,0.2,4.100000000000001,3.9000000000000012,7,4.100000000000001,4.200000000000001,17.099999999999973,12.899999999999972,1,1,0,0.0000,0.0,0.3181818181818182,completed,0
Dynamic Only,73,1,dynamic,0.2,21.00000000000003,20.80000000000003,6,21.00000000000003,21.10000000000003,29.100000000000144,8.000000000000114,0,0,0,0.0000,0.0,0.5294117647058824,completed,0
Dynamic Only,73,2,dynamic,0.2,,,,,,,0.0,0,0,0,0.0000,0.0,0.0,undiscovered,0
Dynamic Only,73,3,dynamic,0.2,2.9000000000000012,2.700000000000001,3,2.9000000000000012,3.0000000000000013,11.099999999999977,8.099999999999975,0,0,0,0.0000,0.0,1.0,completed,0
Dynamic Only,73,4,dynamic,0.2,,,,,,,0.0,0,0,0,0.0000,0.0,0.0,undiscovered,0
Dynamic Only,73,5,dynamic,0.2,58.60000000000056,58.40000000000056,1,58.60000000000056,58.700000000000564,66.80000000000048,8.099999999999916,0,0,0,0.0000,0.0,1.0,completed,0
Dynamic Only,73,6,dynamic,0.2,,,,,,,0.0,0,0,0,0.0000,0.0,0.0,undiscovered,0
Dynamic Only,73,7,dynamic,0.2,0.2,0.0,6,0.2,0.30000000000000004,8.399999999999986,8.099999999999987,0,0,0,0.0000,0.0,1.0,completed,0
Dynamic Only,137,0,dynamic,0.2,6.299999999999994,6.099999999999993,9,6.299999999999994,6.399999999999993,,1.999999999999993,1,0,0,0.0000,0.0,0.0547945205479452,lost,0
Dynamic Only,137,1,dynamic,0.2,6.8999999999999915,6.699999999999991,3,6.8999999999999915,6.999999999999991,15.099999999999962,8.099999999999971,0,0,0,0.0000,0.0,0.7857142857142857,completed,0
Dynamic Only,137,2,dynamic,0.2,21.90000000000004,21.700000000000042,7,21.90000000000004,22.000000000000043,30.000000000000156,8.000000000000114,0,0,0,0.0000,0.0,1.0,completed,0
Dynamic Only,137,3,dynamic,0.2,0.5,0.3,0,0.5,0.6,8.699999999999985,8.099999999999985,0,0,1,0.0000,0.0,1.0,completed,0
Dynamic Only,137,4,dynamic,0.2,3.0000000000000013,2.800000000000001,8,3.0000000000000013,3.1000000000000014,11.199999999999976,8.099999999999975,0,0,0,0.0000,0.0,0.7142857142857143,completed,0
Dynamic Only,137,5,dynamic,0.2,35.90000000000024,35.70000000000024,3,35.90000000000024,36.00000000000024,44.000000000000355,8.000000000000114,0,0,0,0.0000,0.0,1.0,completed,0
Dynamic Only,137,6,dynamic,0.2,25.100000000000087,24.900000000000087,6,25.100000000000087,25.200000000000088,34.900000000000226,9.700000000000138,0,0,0,0.0000,0.0,0.75,completed,0
Dynamic Only,137,7,dynamic,0.2,19.200000000000003,19.000000000000004,1,19.200000000000003,19.300000000000004,29.900000000000155,10.60000000000015,0,0,0,0.0000,0.0,0.6818181818181818,completed,0
Dynamic Only,256,0,dynamic,0.2,68.2000000000004,68.0000000000004,6,68.2000000000004,68.3000000000004,,1.1999999999999318,1,0,0,0.0000,0.0,0.08108108108108109,lost,0
Dynamic Only,256,1,dynamic,0.2,7.499999999999989,7.299999999999989,5,7.499999999999989,7.599999999999989,19.400000000000006,11.800000000000017,0,0,0,0.0000,0.0,0.5238095238095238,completed,0
Dynamic Only,256,2,dynamic,0.2,39.60000000000029,39.40000000000029,2,39.60000000000029,39.700000000000294,47.70000000000041,8.000000000000114,0,0,0,0.0000,0.0,1.0,completed,0
Dynamic Only,256,3,dynamic,0.2,,,,,,,0.0,0,0,0,0.0000,0.0,0.0,undiscovered,0
Dynamic Only,256,4,dynamic,0.2,16.09999999999996,15.89999999999996,3,16.09999999999996,16.19999999999996,24.200000000000074,8.000000000000114,0,0,0,0.0000,0.0,1.0,completed,0
Dynamic Only,256,5,dynamic,0.2,15.099999999999962,14.899999999999963,5,15.099999999999962,15.199999999999962,23.20000000000006,8.000000000000098,0,0,0,0.0000,0.0,0.625,completed,0
Dynamic Only,256,6,dynamic,0.2,28.80000000000014,28.60000000000014,5,28.80000000000014,28.90000000000014,36.900000000000254,8.000000000000114,0,0,1,0.0000,0.0,0.6470588235294118,completed,0
Dynamic Only,256,7,dynamic,0.2,10.999999999999977,10.799999999999978,8,10.999999999999977,11.099999999999977,21.70000000000004,10.600000000000062,0,0,0,0.0000,0.0,0.6,completed,0
Dynamic Only,999,0,dynamic,0.2,28.90000000000014,28.70000000000014,9,28.90000000000014,29.000000000000142,,5.200000000000074,1,0,0,0.0000,0.0,0.09649122807017543,lost,0
Dynamic Only,999,1,dynamic,0.2,,,,,,,0.0,0,0,0,0.0000,0.0,0.0,undiscovered,0
Dynamic Only,999,2,dynamic,0.2,9.89999999999998,9.699999999999982,9,9.89999999999998,9.99999999999998,18.29999999999999,8.30000000000001,0,0,0,0.0000,0.0,0.9333333333333333,completed,0
Dynamic Only,999,3,dynamic,0.2,13.599999999999968,13.399999999999968,3,13.599999999999968,13.699999999999967,21.70000000000004,8.000000000000071,0,0,0,0.0000,0.0,0.75,completed,0
Dynamic Only,999,4,dynamic,0.2,,,,,,,0.0,0,0,0,0.0000,0.0,0.0,undiscovered,0
Dynamic Only,999,5,dynamic,0.2,,,,,,,0.0,0,0,0,0.0000,0.0,0.0,undiscovered,0
Dynamic Only,999,6,dynamic,0.2,0.2,0.0,6,0.2,0.30000000000000004,8.999999999999984,8.699999999999983,0,0,0,0.0000,0.0,0.375,completed,0
Dynamic Only,999,7,dynamic,0.2,0.2,0.0,3,0.2,0.30000000000000004,8.399999999999986,8.099999999999987,0,0,0,0.0000,0.0,1.0,completed,0
Time-Varying Only,42,0,time_varying,0.2,21.00000000000003,20.80000000000003,2,21.00000000000003,21.10000000000003,29.100000000000144,8.000000000000114,0,0,0,0.0000,0.0,0.7058823529411765,completed,1
Time-Varying Only,42,1,time_varying,0.2,71.30000000000022,71.10000000000022,5,71.30000000000022,71.40000000000022,82.1999999999996,10.799999999999386,0,0,1,0.0000,0.0,0.7368421052631579,completed,2
Time-Varying Only,42,2,time_varying,0.2,76.79999999999991,76.59999999999991,1,76.79999999999991,76.8999999999999,84.99999999999945,8.09999999999954,0,0,0,0.0000,0.0,1.0,completed,2
Time-Varying Only,42,3,time_varying,0.2,12.299999999999972,12.099999999999973,3,12.299999999999972,12.399999999999972,20.40000000000002,8.000000000000048,0,0,0,0.0000,0.0,1.0,completed,1
Time-Varying Only,42,4,time_varying,0.2,,,,,,,0.0,0,0,0,0.0000,0.0,0.0,undiscovered,3
Time-Varying Only,42,5,time_varying,0.2,,,,,,,0.0,0,0,0,0.0000,0.0,0.0,undiscovered,3
Time-Varying Only,42,6,time_varying,0.2,13.999999999999966,13.799999999999967,7,13.999999999999966,14.099999999999966,22.100000000000044,8.000000000000078,0,0,1,0.0000,0.0,0.875,completed,1
Time-Varying Only,42,7,time_varying,0.2,0.2,0.0,6,0.2,0.30000000000000004,8.399999999999986,8.099999999999987,0,0,1,0.0000,0.0,0.6666666666666666,completed,0
Time-Varying Only,73,0,time_varying,0.2,4.100000000000001,3.9000000000000012,7,4.100000000000001,4.200000000000001,16.99999999999997,12.79999999999997,1,1,0,0.0000,0.0,0.3181818181818182,completed,0
Time-Varying Only,73,1,time_varying,0.2,45.400000000000375,45.20000000000037,1,45.400000000000375,45.50000000000038,53.50000000000049,8.000000000000114,0,0,0,0.0000,0.0,1.0,completed,2
Time-Varying Only,73,2,time_varying,0.2,,,,,,,0.0,0,0,0,0.0000,0.0,0.0,undiscovered,3
Time-Varying Only,73,3,time_varying,0.2,2.800000000000001,2.600000000000001,3,2.800000000000001,2.9000000000000012,10.999999999999977,8.099999999999977,0,0,0,0.0000,0.0,1.0,completed,0
Time-Varying Only,73,4,time_varying,0.2,76.49999999999993,76.29999999999993,9,76.49999999999993,76.59999999999992,84.69999999999946,8.09999999999954,0,0,0,0.0000,0.0,1.0,completed,2
Time-Varying Only,73,5,time_varying,0.2,64.10000000000063,63.90000000000063,8,64.10000000000063,64.20000000000063,72.30000000000017,8.09999999999954,0,0,0,0.0000,0.0,0.7142857142857143,completed,2
Time-Varying Only,73,6,time_varying,0.2,,,,,,,0.0,0,0,0,0.0000,0.0,0.0,undiscovered,3
Time-Varying Only,73,7,time_varying,0.2,0.2,0.0,6,0.2,0.30000000000000004,8.399999999999986,8.099999999999987,0,0,0,0.0000,0.0,1.0,completed,0
Time-Varying Only,137,0,time_varying,0.2,6.299999999999994,6.099999999999993,9,6.299999999999994,6.399999999999993,23.800000000000068,17.400000000000077,1,1,0,0.0000,0.0,0.125,completed,1
Time-Varying Only,137,1,time_varying,0.2,6.8999999999999915,6.699999999999991,3,6.8999999999999915,6.999999999999991,15.099999999999962,8.099999999999971,0,0,0,0.0000,0.0,0.7857142857142857,completed,0
Time-Varying Only,137,2,time_varying,0.2,22.50000000000005,22.30000000000005,7,22.50000000000005,22.60000000000005,30.600000000000165,8.000000000000114,0,0,0,0.0000,0.0,1.0,completed,1
Time-Varying Only,137,3,time_varying,0.2,0.30000000000000004,0.10000000000000003,0,0.30000000000000004,0.4,8.499999999999986,8.099999999999985,0,0,1,0.0000,0.0,1.0,completed,0
Time-Varying Only,137,4,time_varying,0.2,2.9000000000000012,2.700000000000001,8,2.9000000000000012,3.0000000000000013,11.099999999999977,8.099999999999975,0,0,0,0.0000,0.0,0.7857142857142857,completed,0
Time-Varying Only,137,5,time_varying,0.2,61.90000000000061,61.70000000000061,2,61.90000000000061,62.00000000000061,70.10000000000029,8.099999999999682,0,0,0,0.0000,0.0,1.0,completed,2
Time-Varying Only,137,6,time_varying,0.2,57.70000000000055,57.50000000000055,2,57.70000000000055,57.80000000000055,,4.90000000000007,1,0,0,0.0000,0.0,0.43478260869565216,lost,2
Time-Varying Only,137,7,time_varying,0.2,19.200000000000003,19.000000000000004,1,19.200000000000003,19.300000000000004,27.300000000000118,8.000000000000114,0,0,0,0.0000,0.0,0.9411764705882353,completed,1
Time-Varying Only,256,0,time_varying,0.2,,,,,,,0.0,0,0,0,0.0000,0.0,0.0,undiscovered,3
Time-Varying Only,256,1,time_varying,0.2,7.499999999999989,7.299999999999989,5,7.499999999999989,7.599999999999989,19.300000000000004,11.700000000000015,0,0,0,0.0000,0.0,0.5238095238095238,completed,0
Time-Varying Only,256,2,time_varying,0.2,,,,,,,0.0,0,0,0,0.0000,0.0,0.0,undiscovered,3
Time-Varying Only,256,3,time_varying,0.2,,,,,,,0.0,0,0,0,0.0000,0.0,0.0,undiscovered,3
Time-Varying Only,256,4,time_varying,0.2,15.99999999999996,15.79999999999996,3,15.99999999999996,16.09999999999996,24.100000000000072,8.000000000000114,0,0,0,0.0000,0.0,1.0,completed,1
Time-Varying Only,256,5,time_varying,0.2,15.099999999999962,14.899999999999963,5,15.099999999999962,15.199999999999962,23.20000000000006,8.000000000000098,0,0,0,0.0000,0.0,0.75,completed,1
Time-Varying Only,256,6,time_varying,0.2,,,,,,,0.0,0,0,0,0.0000,0.0,0.0,undiscovered,3
Time-Varying Only,256,7,time_varying,0.2,10.899999999999977,10.699999999999978,8,10.899999999999977,10.999999999999977,21.00000000000003,10.000000000000052,0,0,0,0.0000,0.0,0.631578947368421,completed,1
Time-Varying Only,999,0,time_varying,0.2,63.700000000000635,63.50000000000063,9,63.700000000000635,63.80000000000064,71.90000000000019,8.099999999999554,0,0,0,0.0000,0.0,0.7857142857142857,completed,2
Time-Varying Only,999,1,time_varying,0.2,,,,,,,0.0,0,0,0,0.0000,0.0,0.0,undiscovered,3
Time-Varying Only,999,2,time_varying,0.2,9.799999999999981,9.599999999999982,9,9.799999999999981,9.89999999999998,18.599999999999994,8.700000000000014,0,0,0,0.0000,0.0,0.8125,completed,0
Time-Varying Only,999,3,time_varying,0.2,13.599999999999968,13.399999999999968,3,13.599999999999968,13.699999999999967,21.70000000000004,8.000000000000071,0,0,0,0.0000,0.0,0.75,completed,1
Time-Varying Only,999,4,time_varying,0.2,,,,,,,0.0,0,0,0,0.0000,0.0,0.0,undiscovered,3
Time-Varying Only,999,5,time_varying,0.2,21.500000000000036,21.300000000000036,1,21.500000000000036,21.600000000000037,29.60000000000015,8.000000000000114,0,0,0,0.0000,0.0,1.0,completed,1
Time-Varying Only,999,6,time_varying,0.2,0.2,0.0,6,0.2,0.30000000000000004,8.899999999999984,8.599999999999984,0,0,0,0.0000,0.0,0.375,completed,0
Time-Varying Only,999,7,time_varying,0.2,0.2,0.0,3,0.2,0.30000000000000004,8.399999999999986,8.099999999999987,0,0,0,0.0000,0.0,1.0,completed,0
Mixed (2S+2D+4TV),42,0,static,0.2,12.399999999999972,12.199999999999973,7,12.399999999999972,12.499999999999972,20.50000000000002,8.00000000000005,0,0,0,0.0000,0.0,0.5333333333333333,completed,0
Mixed (2S+2D+4TV),42,1,static,0.2,47.1000000000004,46.9000000000004,4,47.1000000000004,47.2000000000004,55.200000000000514,8.000000000000114,0,0,0,0.0000,0.0,1.0,completed,0
Mixed (2S+2D+4TV),42,2,dynamic,0.2,50.70000000000045,50.50000000000045,0,50.70000000000045,50.80000000000045,58.800000000000566,8.000000000000114,0,0,0,0.0000,0.0,0.7647058823529411,completed,0
Mixed (2S+2D+4TV),42,3,dynamic,0.2,,,,,,,0.0,0,0,0,0.0000,0.0,0.0,undiscovered,0
Mixed (2S+2D+4TV),42,4,time_varying,0.2,12.299999999999972,12.099999999999973,3,12.299999999999972,12.399999999999972,20.40000000000002,8.000000000000048,0,0,0,0.0000,0.0,1.0,completed,1
Mixed (2S+2D+4TV),42,5,time_varying,0.2,37.50000000000026,37.30000000000026,2,37.50000000000026,37.600000000000264,45.60000000000038,8.000000000000114,0,0,0,0.0000,0.0,1.0,completed,1
Mixed (2S+2D+4TV),42,6,time_varying,0.2,,,,,,,0.0,0,0,0,0.0000,0.0,0.0,undiscovered,3
Mixed (2S+2D+4TV),42,7,time_varying,0.2,11.299999999999976,11.099999999999977,6,11.299999999999976,11.399999999999975,19.400000000000006,8.00000000000003,0,0,1,0.0000,0.0,1.0,completed,0
Mixed (2S+2D+4TV),73,0,static,0.2,2.700000000000001,2.500000000000001,7,2.700000000000001,2.800000000000001,10.899999999999977,8.099999999999977,0,0,1,0.0000,0.0,0.9285714285714286,completed,0
Mixed (2S+2D+4TV),73,1,static,0.2,81.49999999999964,81.29999999999964,2,81.49999999999964,81.59999999999964,89.69999999999918,8.09999999999954,0,0,0,0.0000,0.0,1.0,completed,0
Mixed (2S+2D+4TV),73,2,dynamic,0.2,19.80000000000001,19.600000000000012,6,19.80000000000001,19.900000000000013,27.900000000000126,8.000000000000114,0,0,1,0.0000,0.0,1.0,completed,0
Mixed (2S+2D+4TV),73,3,dynamic,0.2,,,,,,,0.0,0,0,0,0.0000,0.0,0.0,undiscovered,0
Mixed (2S+2D+4TV),73,4,time_varying,0.2,2.800000000000001,2.600000000000001,3,2.800000000000001,2.9000000000000012,10.999999999999977,8.099999999999977,0,0,0,0.0000,0.0,1.0,completed,0
Mixed (2S+2D+4TV),73,5,time_varying,0.2,75.99999999999996,75.79999999999995,9,75.99999999999996,76.09999999999995,86.29999999999937,10.19999999999942,0,0,0,0.0000,0.0,0.6666666666666666,completed,2
Mixed (2S+2D+4TV),73,6,time_varying,0.2,,,,,,,0.0,0,0,0,0.0000,0.0,0.0,undiscovered,3
Mixed (2S+2D+4TV),73,7,time_varying,0.2,,,,,,,0.0,0,0,0,0.0000,0.0,0.0,undiscovered,3
Mixed (2S+2D+4TV),137,0,static,0.2,18.39999999999999,18.199999999999992,9,18.39999999999999,18.499999999999993,26.500000000000107,8.000000000000114,0,0,0,0.0000,0.0,0.7058823529411765,completed,0
Mixed (2S+2D+4TV),137,1,static,0.2,3.600000000000002,3.4000000000000017,3,3.600000000000002,3.700000000000002,15.399999999999961,11.69999999999996,0,0,0,0.0000,0.0,0.7,completed,0
Mixed (2S+2D+4TV),137,2,dynamic,0.2,9.399999999999983,9.199999999999983,3,9.399999999999983,9.499999999999982,17.59999999999998,8.099999999999998,0,0,0,0.0000,0.0,1.0,completed,0
Mixed (2S+2D+4TV),137,3,dynamic,0.2,21.90000000000004,21.700000000000042,7,21.90000000000004,22.000000000000043,30.000000000000156,8.000000000000114,0,0,0,0.0000,0.0,1.0,completed,0
Mixed (2S+2D+4TV),137,4,time_varying,0.2,0.30000000000000004,0.10000000000000003,0,0.30000000000000004,0.4,8.499999999999986,8.099999999999985,0,0,1,0.0000,0.0,1.0,completed,0
Mixed (2S+2D+4TV),137,5,time_varying,0.2,2.9000000000000012,2.700000000000001,8,2.9000000000000012,3.0000000000000013,11.099999999999977,8.099999999999975,0,0,0,0.0000,0.0,0.7857142857142857,completed,0
Mixed (2S+2D+4TV),137,6,time_varying,0.2,53.200000000000486,53.00000000000048,1,53.200000000000486,53.30000000000049,61.3000000000006,8.000000000000114,0,0,0,0.0000,0.0,0.7058823529411765,completed,2
Mixed (2S+2D+4TV),137,7,time_varying,0.2,,,,,,,0.0,0,0,0,0.0000,0.0,0.0,undiscovered,3
Mixed (2S+2D+4TV),256,0,static,0.2,45.20000000000037,45.00000000000037,7,45.20000000000037,45.300000000000374,54.4000000000005,9.10000000000013,0,0,0,0.0000,0.0,0.5263157894736842,completed,0
Mixed (2S+2D+4TV),256,1,static,0.2,69.70000000000032,69.50000000000031,2,69.70000000000032,69.80000000000031,77.89999999999985,8.09999999999954,0,0,0,0.0000,0.0,1.0,completed,0
Mixed (2S+2D+4TV),256,2,dynamic,0.2,7.499999999999989,7.299999999999989,5,7.499999999999989,7.599999999999989,19.400000000000006,11.800000000000017,0,0,0,0.0000,0.0,0.5238095238095238,completed,0
Mixed (2S+2D+4TV),256,3,dynamic,0.2,37.80000000000027,37.600000000000264,0,37.80000000000027,37.90000000000027,45.90000000000038,8.000000000000114,0,0,0,0.0000,0.0,1.0,completed,0
Mixed (2S+2D+4TV),256,4,time_varying,0.2,44.20000000000036,44.000000000000355,7,44.20000000000036,44.30000000000036,,4.4000000000000625,1,0,0,0.0000,0.0,0.10714285714285714,lost,3
Mixed (2S+2D+4TV),256,5,time_varying,0.2,15.99999999999996,15.79999999999996,3,15.99999999999996,16.09999999999996,24.100000000000072,8.000000000000114,0,0,0,0.0000,0.0,1.0,completed,1
Mixed (2S+2D+4TV),256,6,time_varying,0.2,15.099999999999962,14.899999999999963,5,15.099999999999962,15.199999999999962,23.20000000000006,8.000000000000098,0,0,0,0.0000,0.0,0.75,completed,1
Mixed (2S+2D+4TV),256,7,time_varying,0.2,,,,,,,0.0,0,0,0,0.0000,0.0,0.0,undiscovered,3
Mixed (2S+2D+4TV),999,0,static,0.2,14.199999999999966,13.999999999999966,8,14.199999999999966,14.299999999999965,22.300000000000047,8.000000000000082,0,0,0,0.0000,0.0,0.5625,completed,0
Mixed (2S+2D+4TV),999,1,static,0.2,20.000000000000014,19.800000000000015,5,20.000000000000014,20.100000000000016,28.10000000000013,8.000000000000114,0,0,0,0.0000,0.0,1.0,completed,0
Mixed (2S+2D+4TV),999,2,dynamic,0.2,63.80000000000064,63.600000000000634,3,63.80000000000064,63.90000000000064,72.00000000000018,8.099999999999547,0,0,0,0.0000,0.0,1.0,completed,0
Mixed (2S+2D+4TV),999,3,dynamic,0.2,10.799999999999978,10.599999999999978,8,10.799999999999978,10.899999999999977,62.80000000000062,51.900000000000645,1,1,0,0.0000,0.0,0.05825242718446602,completed,0
Mixed (2S+2D+4TV),999,4,time_varying,0.2,22.800000000000054,22.600000000000055,9,22.800000000000054,22.900000000000055,30.90000000000017,8.000000000000114,0,0,0,0.0000,0.0,1.0,completed,1
Mixed (2S+2D+4TV),999,5,time_varying,0.2,,,,,,,0.0,0,0,0,0.0000,0.0,0.0,undiscovered,3
Mixed (2S+2D+4TV),999,6,time_varying,0.2,21.500000000000036,21.300000000000036,1,21.500000000000036,21.600000000000037,29.60000000000015,8.000000000000114,0,0,0,0.0000,0.0,1.0,completed,1
Mixed (2S+2D+4TV),999,7,time_varying,0.2,0.2,0.0,6,0.2,0.30000000000000004,8.899999999999984,8.599999999999984,0,0,1,0.0000,0.0,0.625,completed,0
Mixed (0S+4D+4TV),42,0,dynamic,0.2,21.80000000000004,21.60000000000004,2,21.80000000000004,21.90000000000004,68.90000000000036,47.00000000000032,1,1,0,0.0000,0.0,0.043010752688172046,completed,0
Mixed (0S+4D+4TV),42,1,dynamic,0.2,47.70000000000041,47.500000000000405,8,47.70000000000041,47.80000000000041,55.80000000000052,8.000000000000114,0,0,0,0.0000,0.0,0.9411764705882353,completed,0
Mixed (0S+4D+4TV),42,2,dynamic,0.2,58.60000000000056,58.40000000000056,2,58.60000000000056,58.700000000000564,67.80000000000042,9.09999999999986,0,0,0,0.0000,0.0,0.8823529411764706,completed,0
Mixed (0S+4D+4TV),42,3,dynamic,0.2,12.499999999999972,12.299999999999972,3,12.499999999999972,12.599999999999971,20.600000000000023,8.000000000000052,0,0,0,0.0000,0.0,1.0,completed,0
Mixed (0S+4D+4TV),42,4,time_varying,0.2,,,,,,,0.0,0,0,0,0.0000,0.0,0.0,undiscovered,3
Mixed (0S+4D+4TV),42,5,time_varying,0.2,,,,,,,0.0,0,0,0,0.0000,0.0,0.0,undiscovered,3
Mixed (0S+4D+4TV),42,6,time_varying,0.2,13.999999999999966,13.799999999999967,7,13.999999999999966,14.099999999999966,22.100000000000044,8.000000000000078,0,0,1,0.0000,0.0,0.875,completed,1
Mixed (0S+4D+4TV),42,7,time_varying,0.2,0.2,0.0,6,0.2,0.30000000000000004,8.399999999999986,8.099999999999987,0,0,1,0.0000,0.0,0.6666666666666666,completed,0
Mixed (0S+4D+4TV),73,0,dynamic,0.2,4.100000000000001,3.9000000000000012,7,4.100000000000001,4.200000000000001,17.099999999999973,12.899999999999972,1,1,0,0.0000,0.0,0.3181818181818182,completed,0
Mixed (0S+4D+4TV),73,1,dynamic,0.2,21.00000000000003,20.80000000000003,6,21.00000000000003,21.10000000000003,29.100000000000144,8.000000000000114,0,0,0,0.0000,0.0,0.5294117647058824,completed,0
Mixed (0S+4D+4TV),73,2,dynamic,0.2,,,,,,,0.0,0,0,0,0.0000,0.0,0.0,undiscovered,0
Mixed (0S+4D+4TV),73,3,dynamic,0.2,2.9000000000000012,2.700000000000001,3,2.9000000000000012,3.0000000000000013,11.099999999999977,8.099999999999975,0,0,0,0.0000,0.0,1.0,completed,0
Mixed (0S+4D+4TV),73,4,time_varying,0.2,76.09999999999995,75.89999999999995,9,76.09999999999995,76.19999999999995,87.39999999999931,11.199999999999363,0,0,0,0.0000,0.0,0.6842105263157895,completed,2
Mixed (0S+4D+4TV),73,5,time_varying,0.2,64.10000000000063,63.90000000000063,8,64.10000000000063,64.20000000000063,72.30000000000017,8.09999999999954,0,0,0,0.0000,0.0,0.7142857142857143,completed,2
Mixed (0S+4D+4TV),73,6,time_varying,0.2,61.80000000000061,61.600000000000605,5,61.80000000000061,61.90000000000061,70.0000000000003,8.099999999999689,0,0,0,0.0000,0.0,1.0,completed,2
Mixed (0S+4D+4TV),73,7,time_varying,0.2,0.2,0.0,6,0.2,0.30000000000000004,8.399999999999986,8.099999999999987,0,0,0,0.0000,0.0,1.0,completed,0
Mixed (0S+4D+4TV),137,0,dynamic,0.2,6.299999999999994,6.099999999999993,9,6.299999999999994,6.399999999999993,,1.999999999999993,1,0,0,0.0000,0.0,0.032520325203252036,lost,0
Mixed (0S+4D+4TV),137,1,dynamic,0.2,6.8999999999999915,6.699999999999991,3,6.8999999999999915,6.999999999999991,15.099999999999962,8.099999999999971,0,0,0,0.0000,0.0,0.7857142857142857,completed,0
Mixed (0S+4D+4TV),137,2,dynamic,0.2,21.90000000000004,21.700000000000042,7,21.90000000000004,22.000000000000043,30.000000000000156,8.000000000000114,0,0,0,0.0000,0.0,1.0,completed,0
Mixed (0S+4D+4TV),137,3,dynamic,0.2,0.5,0.3,0,0.5,0.6,8.699999999999985,8.099999999999985,0,0,1,0.0000,0.0,1.0,completed,0
Mixed (0S+4D+4TV),137,4,time_varying,0.2,2.9000000000000012,2.700000000000001,8,2.9000000000000012,3.0000000000000013,11.099999999999977,8.099999999999975,0,0,0,0.0000,0.0,0.7857142857142857,completed,0
Mixed (0S+4D+4TV),137,5,time_varying,0.2,61.90000000000061,61.70000000000061,2,61.90000000000061,62.00000000000061,70.10000000000029,8.099999999999682,0,0,0,0.0000,0.0,1.0,completed,2
Mixed (0S+4D+4TV),137,6,time_varying,0.2,57.70000000000055,57.50000000000055,2,57.70000000000055,57.80000000000055,,4.90000000000007,1,0,0,0.0000,0.0,0.43478260869565216,lost,2
Mixed (0S+4D+4TV),137,7,time_varying,0.2,19.200000000000003,19.000000000000004,1,19.200000000000003,19.300000000000004,27.300000000000118,8.000000000000114,0,0,0,0.0000,0.0,0.9411764705882353,completed,1
Mixed (0S+4D+4TV),256,0,dynamic,0.2,68.2000000000004,68.0000000000004,6,68.2000000000004,68.3000000000004,,1.1999999999999318,1,0,0,0.0000,0.0,0.08108108108108109,lost,0
Mixed (0S+4D+4TV),256,1,dynamic,0.2,7.499999999999989,7.299999999999989,5,7.499999999999989,7.599999999999989,19.400000000000006,11.800000000000017,0,0,0,0.0000,0.0,0.5238095238095238,completed,0
Mixed (0S+4D+4TV),256,2,dynamic,0.2,39.60000000000029,39.40000000000029,2,39.60000000000029,39.700000000000294,47.70000000000041,8.000000000000114,0,0,0,0.0000,0.0,1.0,completed,0
Mixed (0S+4D+4TV),256,3,dynamic,0.2,,,,,,,0.0,0,0,0,0.0000,0.0,0.0,undiscovered,0
Mixed (0S+4D+4TV),256,4,time_varying,0.2,15.99999999999996,15.79999999999996,3,15.99999999999996,16.09999999999996,24.100000000000072,8.000000000000114,0,0,0,0.0000,0.0,1.0,completed,1
Mixed (0S+4D+4TV),256,5,time_varying,0.2,15.099999999999962,14.899999999999963,5,15.099999999999962,15.199999999999962,23.20000000000006,8.000000000000098,0,0,0,0.0000,0.0,0.75,completed,1
Mixed (0S+4D+4TV),256,6,time_varying,0.2,59.60000000000058,59.400000000000574,9,59.60000000000058,59.70000000000058,70.0000000000003,10.29999999999972,0,0,0,0.0000,0.0,0.631578947368421,completed,2
Mixed (0S+4D+4TV),256,7,time_varying,0.2,10.899999999999977,10.699999999999978,8,10.899999999999977,10.999999999999977,21.00000000000003,10.000000000000052,0,0,0,0.0000,0.0,0.631578947368421,completed,1
Mixed (0S+4D+4TV),999,0,dynamic,0.2,28.90000000000014,28.70000000000014,9,28.90000000000014,29.000000000000142,,5.200000000000074,1,0,0,0.0000,0.0,0.09649122807017543,lost,0
Mixed (0S+4D+4TV),999,1,dynamic,0.2,,,,,,,0.0,0,0,0,0.0000,0.0,0.0,undiscovered,0
Mixed (0S+4D+4TV),999,2,dynamic,0.2,9.89999999999998,9.699999999999982,9,9.89999999999998,9.99999999999998,18.29999999999999,8.30000000000001,0,0,0,0.0000,0.0,0.9333333333333333,completed,0
Mixed (0S+4D+4TV),999,3,dynamic,0.2,13.599999999999968,13.399999999999968,3,13.599999999999968,13.699999999999967,21.70000000000004,8.000000000000071,0,0,0,0.0000,0.0,0.75,completed,0
Mixed (0S+4D+4TV),999,4,time_varying,0.2,,,,,,,0.0,0,0,0,0.0000,0.0,0.0,undiscovered,3
Mixed (0S+4D+4TV),999,5,time_varying,0.2,21.500000000000036,21.300000000000036,1,21.500000000000036,21.600000000000037,29.60000000000015,8.000000000000114,0,0,0,0.0000,0.0,1.0,completed,1
Mixed (0S+4D+4TV),999,6,time_varying,0.2,0.2,0.0,6,0.2,0.30000000000000004,8.899999999999984,8.599999999999984,0,0,0,0.0000,0.0,0.375,completed,0
Mixed (0S+4D+4TV),999,7,time_varying,0.2,0.2,0.0,3,0.2,0.30000000000000004,8.399999999999986,8.099999999999987,0,0,0,0.0000,0.0,1.0,completed,0
